environment,policy,runs,updates,identical_updates,strict_improvements,possible_harmful_updates,harmful_seconds,latest_two_seconds,outside_latest_two_seconds,expired_source_seconds
reliable,NO_FEEDBACK,40,0,0,0,0,0.0,0.0,0.0,60.0
reliable,COV_PERIODIC,40,1600,592,1002,0,2.1575,0.06000000000000001,2.0975,5.5575
reliable,COV_EVENT,40,2551,829,1639,66,2.7275,0.0,2.7275,4.75
reliable,GRANT,40,1600,832,768,0,2.255,0.07250000000000001,2.1825,6.417500000000001
reliable,GOQ,40,4000,2280,1719,918,5.660000000000001,0.4375,5.222500000000001,15.635000000000002
reliable,PRESCRIPTION,40,3998,3296,702,0,2.3000000000000003,0.0075000000000000015,2.2925000000000004,3.5225
partial,NO_FEEDBACK,40,0,0,0,0,0.0,0.0,0.0,60.0
partial,COV_PERIODIC,40,1600,640,954,0,8.125,0.0625,8.0625,19.590000000000003
partial,COV_EVENT,40,2539,619,1916,0,7.3775,0.0125,7.365,13.610000000000003
partial,GRANT,40,4000,2940,1060,0,11.822500000000002,0.0075000000000000015,11.815000000000001,28.545000000000005
partial,GOQ,40,1600,746,854,254,8.005,0.495,7.510000000000001,20.1125
partial,PRESCRIPTION,40,3988,3304,684,0,5.402500000000001,0.01,5.392500000000001,8.485000000000001
contention,NO_FEEDBACK,40,0,0,0,0,0.0,0.0,0.0,60.0
contention,COV_PERIODIC,40,1600,803,752,16,5.9174999999999995,0.075,5.842499999999999,13.8625
contention,COV_EVENT,40,4000,2661,1240,63,13.0875,0.0025,13.085,32.5325
contention,GRANT,40,4000,3099,901,0,13.092500000000001,0.0075000000000000015,13.085,32.542500000000004
contention,GOQ,40,4000,2891,1095,328,12.4875,0.3325,12.155000000000001,32.585
contention,PRESCRIPTION,40,3994,3326,668,0,6.7200000000000015,0.005,6.715000000000002,11.67
