environment,instance,radio_seed,host_tag,compatibility_tag,host_mse,compat_mse,mse_delta,resource_delta
contention,1000,1,focus_dev_contention_GRANT_KEEP_O1000_N1_P0.2_B4_T0.4_S0_R5_D0.04,focus_dev_contention_COMPAT_O1000_N1_P0.2_B4_T0.4_S0_R5_D0.04,0.014528765019898575,0.014528765019898575,0.0,0.0
contention,1000,2,focus_dev_contention_GRANT_KEEP_O1000_N2_P0.2_B4_T0.4_S0_R5_D0.04,focus_dev_contention_COMPAT_O1000_N2_P0.2_B4_T0.4_S0_R5_D0.04,0.013599646052786988,0.013599646052786988,0.0,0.0
contention,1001,1,focus_dev_contention_GRANT_KEEP_O1001_N1_P0.2_B4_T0.4_S0_R5_D0.04,focus_dev_contention_COMPAT_O1001_N1_P0.2_B4_T0.4_S0_R5_D0.04,0.012325555696961976,0.012325555696961976,0.0,0.0
contention,1001,2,focus_dev_contention_GRANT_KEEP_O1001_N2_P0.2_B4_T0.4_S0_R5_D0.04,focus_dev_contention_COMPAT_O1001_N2_P0.2_B4_T0.4_S0_R5_D0.04,0.014188137766771974,0.014188137766771974,0.0,0.0
contention,1300,1,focus_dev_contention_GRANT_KEEP_O1300_N1_P0.2_B4_T0.4_S0_R5_D0.04,focus_dev_contention_COMPAT_O1300_N1_P0.2_B4_T0.4_S0_R5_D0.04,0.009919780882422645,0.009919780882422645,0.0,0.0
contention,1300,2,focus_dev_contention_GRANT_KEEP_O1300_N2_P0.2_B4_T0.4_S0_R5_D0.04,focus_dev_contention_COMPAT_O1300_N2_P0.2_B4_T0.4_S0_R5_D0.04,0.01235878056765171,0.01235878056765171,0.0,0.0
contention,1301,1,focus_dev_contention_GRANT_KEEP_O1301_N1_P0.2_B4_T0.4_S0_R5_D0.04,focus_dev_contention_COMPAT_O1301_N1_P0.2_B4_T0.4_S0_R5_D0.04,0.015178703130647841,0.015178703130647841,0.0,0.0
contention,1301,2,focus_dev_contention_GRANT_KEEP_O1301_N2_P0.2_B4_T0.4_S0_R5_D0.04,focus_dev_contention_COMPAT_O1301_N2_P0.2_B4_T0.4_S0_R5_D0.04,0.015976537636661455,0.015976537636661455,0.0,0.0
partial,1000,1,focus_dev_partial_GRANT_KEEP_O1000_N1_P0.2_B4_T0.4_S0_R5_D0.04,focus_dev_partial_COMPAT_O1000_N1_P0.2_B4_T0.4_S0_R5_D0.04,0.006867545856832615,0.006867545856832615,0.0,0.0
partial,1000,2,focus_dev_partial_GRANT_KEEP_O1000_N2_P0.2_B4_T0.4_S0_R5_D0.04,focus_dev_partial_COMPAT_O1000_N2_P0.2_B4_T0.4_S0_R5_D0.04,0.0077702962905870105,0.0077702962905870105,0.0,0.0
partial,1001,1,focus_dev_partial_GRANT_KEEP_O1001_N1_P0.2_B4_T0.4_S0_R5_D0.04,focus_dev_partial_COMPAT_O1001_N1_P0.2_B4_T0.4_S0_R5_D0.04,0.006072001111665319,0.006072001111665319,0.0,0.0
partial,1001,2,focus_dev_partial_GRANT_KEEP_O1001_N2_P0.2_B4_T0.4_S0_R5_D0.04,focus_dev_partial_COMPAT_O1001_N2_P0.2_B4_T0.4_S0_R5_D0.04,0.005861152174275611,0.005861152174275611,0.0,0.0
partial,1300,1,focus_dev_partial_GRANT_KEEP_O1300_N1_P0.2_B4_T0.4_S0_R5_D0.04,focus_dev_partial_COMPAT_O1300_N1_P0.2_B4_T0.4_S0_R5_D0.04,0.006324136584616624,0.006314527429028051,-9.609155588573108e-06,6000.0
partial,1300,2,focus_dev_partial_GRANT_KEEP_O1300_N2_P0.2_B4_T0.4_S0_R5_D0.04,focus_dev_partial_COMPAT_O1300_N2_P0.2_B4_T0.4_S0_R5_D0.04,0.006587753787294672,0.006951916544474311,0.00036416275717963877,-250.0
partial,1301,1,focus_dev_partial_GRANT_KEEP_O1301_N1_P0.2_B4_T0.4_S0_R5_D0.04,focus_dev_partial_COMPAT_O1301_N1_P0.2_B4_T0.4_S0_R5_D0.04,0.007813775604534237,0.007813775604534237,0.0,0.0
partial,1301,2,focus_dev_partial_GRANT_KEEP_O1301_N2_P0.2_B4_T0.4_S0_R5_D0.04,focus_dev_partial_COMPAT_O1301_N2_P0.2_B4_T0.4_S0_R5_D0.04,0.007160462848756682,0.007160462848756682,0.0,0.0
reliable,1000,1,focus_dev_reliable_GRANT_KEEP_O1000_N1_P0.5_B4_T1.0_S0_R5_D0.04,focus_dev_reliable_COMPAT_O1000_N1_P0.5_B4_T1.0_S0_R5_D0.04,0.006337768778951105,0.006337768778951105,0.0,0.0
reliable,1000,2,focus_dev_reliable_GRANT_KEEP_O1000_N2_P0.5_B4_T1.0_S0_R5_D0.04,focus_dev_reliable_COMPAT_O1000_N2_P0.5_B4_T1.0_S0_R5_D0.04,0.006328120437317026,0.006328120437317026,0.0,0.0
reliable,1001,1,focus_dev_reliable_GRANT_KEEP_O1001_N1_P0.5_B4_T1.0_S0_R5_D0.04,focus_dev_reliable_COMPAT_O1001_N1_P0.5_B4_T1.0_S0_R5_D0.04,0.005491177898675804,0.005491177898675804,0.0,0.0
reliable,1001,2,focus_dev_reliable_GRANT_KEEP_O1001_N2_P0.5_B4_T1.0_S0_R5_D0.04,focus_dev_reliable_COMPAT_O1001_N2_P0.5_B4_T1.0_S0_R5_D0.04,0.006050820862239978,0.006050820862239978,0.0,0.0
reliable,1300,1,focus_dev_reliable_GRANT_KEEP_O1300_N1_P0.5_B4_T1.0_S0_R5_D0.04,focus_dev_reliable_COMPAT_O1300_N1_P0.5_B4_T1.0_S0_R5_D0.04,0.0065884161346489705,0.006587034967784991,-1.381166863979183e-06,2500.0
reliable,1300,2,focus_dev_reliable_GRANT_KEEP_O1300_N2_P0.5_B4_T1.0_S0_R5_D0.04,focus_dev_reliable_COMPAT_O1300_N2_P0.5_B4_T1.0_S0_R5_D0.04,0.006596826234845566,0.006595445067981586,-1.3811668639800503e-06,2500.0
reliable,1301,1,focus_dev_reliable_GRANT_KEEP_O1301_N1_P0.5_B4_T1.0_S0_R5_D0.04,focus_dev_reliable_COMPAT_O1301_N1_P0.5_B4_T1.0_S0_R5_D0.04,0.00625752691933253,0.00625752691933253,0.0,0.0
reliable,1301,2,focus_dev_reliable_GRANT_KEEP_O1301_N2_P0.5_B4_T1.0_S0_R5_D0.04,focus_dev_reliable_COMPAT_O1301_N2_P0.5_B4_T1.0_S0_R5_D0.04,0.006205866207267653,0.006205866207267653,0.0,0.0
