environment,policy,runs,mse,pssch_rb_slots
reliable,GRANT_KEEP,8,0.006232065434159829,58312.5
reliable,COV_EVENT,8,0.0060188418650054375,59062.5
reliable,OLD_RENEWAL,8,0.008545056623006475,51562.5
reliable,COMPAT,8,0.006231720142443834,58937.5
partial,GRANT_KEEP,8,0.006807140532320346,85593.75
partial,COV_EVENT,8,0.006937709288351765,63718.75
partial,OLD_RENEWAL,8,0.008872733280905952,54687.5
partial,COMPAT,8,0.00685145973251923,86312.5
contention,GRANT_KEEP,8,0.013509488344225397,201656.25
contention,COV_EVENT,8,0.013379858254375416,203625.0
contention,OLD_RENEWAL,8,0.013371945388523722,207625.0
contention,COMPAT,8,0.013509488344225397,201656.25
