environment,policy,ticks,outside_with_expiration_ticks,outside_without_expiration_ticks,latest_two_with_expiration_ticks,latest_two_without_expiration_ticks
reliable,NO_FEEDBACK,8000,0,0,0,0
reliable,COV_PERIODIC,8000,839,0,4,20
reliable,COV_EVENT,8000,742,349,0,0
reliable,GRANT,8000,873,0,7,22
reliable,GOQ,8000,2089,0,137,38
reliable,PRESCRIPTION,8000,605,312,0,3
partial,NO_FEEDBACK,8000,0,0,0,0
partial,COV_PERIODIC,8000,3225,0,16,9
partial,COV_EVENT,8000,2556,390,2,3
partial,GRANT,8000,4726,0,3,0
partial,GOQ,8000,3004,0,116,82
partial,PRESCRIPTION,8000,1752,405,1,3
contention,NO_FEEDBACK,8000,0,0,0,0
contention,COV_PERIODIC,8000,2337,0,15,15
contention,COV_EVENT,8000,5234,0,1,0
contention,GRANT,8000,5234,0,3,0
contention,GOQ,8000,4862,0,123,10
contention,PRESCRIPTION,8000,2210,476,2,0
