path,bytes,sha256
.gitattributes,66,1fc5c30889c1ac628cbdf134ccf8bd126643ee1fe8ff09f45e7732ce7b7db248
.gitignore,63,23e4906326248385219c0df2873ff9cc5b615eab13ecee9d8f2b82c7fb37b6d4
README.md,4891,5c576e207396d03327a947d848c90aa7db97cec171d8ae91c62997d039d34809
REPRODUCE.md,4891,5c576e207396d03327a947d848c90aa7db97cec171d8ae91c62997d039d34809
documentation/portable_result_mapping.csv,732,2f78816561b3cf34705c496025f26d4057d2f311d45871c47a3aeca2db5f83e0
documentation/tcns_claim_evidence.md,52642,33e6c5f6162a65619d7a105dc76840364bcd3d7004edc51633fc5fe886ff9437
documentation/tcns_final_claim_evidence.md,53096,4dc94e480dbc43ef57f4b0ca47714d3c7324f517a7d34fd574fe08034af16fc7
documentation/tcns_result_mapping.csv,3564,94d4ee20eacacf6a4da7d7f32bb77ee8f42329a31a97cbfb292b111e51bf1718
expected/tcns_all_24_pairs.csv,4801,b9abd3d65ba67cfe9dee54c9b785e90b09e49ee72fe3448e13792104ee87a7d6
expected/tcns_evidence_checks.json,438,3db79285ee18209b3408d9bdf3a020dad80a59f6ca4ba771194d09aeb53f7090
expected/tcns_expiration_crosstab.csv,817,9e5e050662ae9bc4ba6b692bdadb53d0c6ea05821d59a8068b9de7fe28ffbf38
expected/tcns_local_certificates.csv,474977,efc97ef7361df39471651f8f67b2d4cf96c3a45295d2c2d8cbd3b82e3e97e1da
expected/tcns_mechanism_prevalence.csv,1655,01e1414e48cb963097f5cbb7b1e6b905cb556d9b874b954c3eb128cecd53d11a
expected/tcns_method_checks.json,342,30bd74b7bb6324a872623a1c178b16cddc31944a91d89f2740158a6c22996098
expected/tcns_primary_means.csv,668,9e0b7cfa87bc1d9ab8f24281a3f52217c09547504412971a73aa40477f55f597
expected/tcns_processing_pairs.csv,754,8ec48f8158ce74985393d5880d66c172101b7398e5c58778d3072a0d2f4d48c3
expected/tcns_structural_checks.json,3782,96b3431f73997c544ee99f50ecd3b2402732195ea34c76a785f438ebbe0fa2c4
fig1.png,1701787,a078bacfad1d0b59cb666a8f6b56f5549f08445d96e4fe464ab8fcc87a6b0864
fig1_framework.tex,1791,d9db437a4cd3802e58389ff09dd34978cfa21ca269ec48355ca099748ee152e2
publication_track/installation_focus/controller.py,6562,e415bfc9613f02060a0ab77e656f2dfb45259273787027c5c79f0e41e053573c
publication_track/installation_focus/mechanism.py,3405,f54a9889ba858c6f7d14d8716a4c0192563b921fdc5fab0e197d1e094df33b4a
publication_track/installation_focus/provided/check_installation_extension.py,5626,7ad060b942a976916c8bbd56024af26d487e563bb0e9752ffc4d2608e7cf16d1
publication_track/installation_focus/results/broadcast_masks.csv,2460,b5089d4d47f9641da45c05fae84539dabe66e59f59231791bd484196ef8e6222
publication_track/installation_focus/results/decision_timing.csv,2344188,19cb5f222ae77577448be75d4e6f9c824f3660d6e6a3fcba926e59f8c074aa16
publication_track/installation_focus/results/existing_jensen.csv,87644,ac6236f13d34297be3a63fb230294fce7927f7b046f676a4bb0eff5490577733
publication_track/installation_focus/results/existing_summary.csv,176596,99644682d723081a98ab06a3364bae60c0d3631ec06d7a3e60c6250395010f5c
publication_track/installation_focus/results/existing_ticks.csv,29566751,f66f94b67c01092bb03c148d0de2ab1eefe32b1c89e9bf6273d8448bf517d3bc
publication_track/installation_focus/results/full_book_jensen.csv,252380,1371311bf92a870c13b92390a271bc77f2d06dab73dbbb7f1402d8f606ef7176
publication_track/installation_focus/results/full_book_jensen_summary.json,301,30f0c8810f2f5027eb5728e0c7a9e38ab541334df3b46a724c9c3d47e4b7b81b
publication_track/installation_focus/results/independent_filter_checks.csv,13675,a738457ffe358da818b8b5c619768aff8bbce35659c98d384ade245af69fff56
publication_track/installation_focus/results/new_summary.csv,27662,2ffe755d29d0aa6d2981b8d8f366eb6aef32f5ee3413da72e31cfb75b1078c08
publication_track/installation_focus/results/radio_results.csv,57854,98cfad8bb103c49ff77309cb005b834829cae681ed1c7da522fd8505a6588e1f
publication_track/installation_focus/results/summary.json,11967,231716f0e5a4367a12e543ff4fbf8554bd6158362f7675494bdd15f63a3095d4
publication_track/installation_focus/runs/focus_dev_contention_COMPAT_O1000_N1_P0.2_B4_T0.4_S0_R5_D0.04/selection.csv,18775,19d436f327520b5eebd527895b0f6c5fb66bba73b6c7c5fc13f8f7f82265ba74
publication_track/installation_focus/runs/focus_dev_contention_COMPAT_O1000_N2_P0.2_B4_T0.4_S0_R5_D0.04/selection.csv,18795,ea120172e96023bcbfbc2991213ba090f78054e600941d8f483925d9a763dae7
publication_track/installation_focus/runs/focus_dev_contention_COMPAT_O1001_N1_P0.2_B4_T0.4_S0_R5_D0.04/selection.csv,18862,2f33818dcd85f59779ee1956065253f581aad0b119b4f14ab37a8ff2d468af93
publication_track/installation_focus/runs/focus_dev_contention_COMPAT_O1001_N2_P0.2_B4_T0.4_S0_R5_D0.04/selection.csv,18852,30cde3bc7c00249cf979e121100cd4c812d6c285919fa028e5b3df5c62c3cf4f
publication_track/installation_focus/runs/focus_dev_contention_COMPAT_O1300_N1_P0.2_B4_T0.4_S0_R5_D0.04/selection.csv,18801,cb089bbcf5e097d471e20e27f0277b5975ca496f3ae9fdeb66fbb25412c49c6f
publication_track/installation_focus/runs/focus_dev_contention_COMPAT_O1300_N2_P0.2_B4_T0.4_S0_R5_D0.04/selection.csv,18855,4b330645b7283218e7c8743e077a23e0c3de80d1c045abc31bbbc9dba2555597
publication_track/installation_focus/runs/focus_dev_contention_COMPAT_O1301_N1_P0.2_B4_T0.4_S0_R5_D0.04/selection.csv,18778,aaefebaf59ac33b149fbc57775f6b06b4e428242e5610ba16692daea2fa5fe45
publication_track/installation_focus/runs/focus_dev_contention_COMPAT_O1301_N2_P0.2_B4_T0.4_S0_R5_D0.04/selection.csv,18755,468a86c70134847d680eb17915b85744b1a6e46fe7c087ebe14ef230537276a0
publication_track/installation_focus/runs/focus_dev_partial_COMPAT_O1000_N1_P0.2_B4_T0.4_S0_R5_D0.04/selection.csv,18803,97a9cd832c6ff3af50ad329d9c38cd6d890c1abb8738f9b6169521f056d779c2
publication_track/installation_focus/runs/focus_dev_partial_COMPAT_O1000_N2_P0.2_B4_T0.4_S0_R5_D0.04/selection.csv,18796,429150266f85a3264893e9d1317c117f7a94d789f90155d6340510950c99aca6
publication_track/installation_focus/runs/focus_dev_partial_COMPAT_O1001_N1_P0.2_B4_T0.4_S0_R5_D0.04/selection.csv,18905,049ebe24d893ec05da6104dd503ad6ba99070701cae6a61d2b950bc1accb19a5
publication_track/installation_focus/runs/focus_dev_partial_COMPAT_O1001_N2_P0.2_B4_T0.4_S0_R5_D0.04/selection.csv,18876,553a7368554eae5bcbb4bddec32a57b048c4c9fbdbb209ba2076cb92592731dd
publication_track/installation_focus/runs/focus_dev_partial_COMPAT_O1300_N1_P0.2_B4_T0.4_S0_R5_D0.04/selection.csv,19163,2e4a76b1e77ac734d50519faaed37971d36424d74896e7b8e5e277bd40d94419
publication_track/installation_focus/runs/focus_dev_partial_COMPAT_O1300_N2_P0.2_B4_T0.4_S0_R5_D0.04/selection.csv,19174,9c84511c0592d18457ce517032a26234399df1a498aa0d38473b8e056898e771
publication_track/installation_focus/runs/focus_dev_partial_COMPAT_O1301_N1_P0.2_B4_T0.4_S0_R5_D0.04/selection.csv,18737,fe36476a910835d05cc876cab0a4e49d8db5eaa47ff2039b57e9503f5c667bd1
publication_track/installation_focus/runs/focus_dev_partial_COMPAT_O1301_N2_P0.2_B4_T0.4_S0_R5_D0.04/selection.csv,18700,9794d897a5353800102719e1a1d765a25cec730f7e13f6aaf911456f2a0f257a
publication_track/installation_focus/runs/focus_dev_partial_PHASED_O1000_N1_P0.2_B4_T0.4_S0_R5_D0.04/protocol_events.csv,6753,865c599403a5bce0240240adbee9b1c0a25476ddcc4b7de8124e920ac9b33eb4
publication_track/installation_focus/runs/focus_dev_partial_PHASED_O1000_N2_P0.2_B4_T0.4_S0_R5_D0.04/protocol_events.csv,6730,d5e3fa68c69f24559169b1d9059bb9a9daad1d9f9747978ba7627593b86d351f
publication_track/installation_focus/runs/focus_dev_partial_PHASED_O1300_N1_P0.2_B4_T0.4_S0_R5_D0.04/protocol_events.csv,6919,3c9634fc5a33d8b74a8167c10218234d5b28571d716d84f2d87a5aba28a18b14
publication_track/installation_focus/runs/focus_dev_partial_PHASED_O1300_N2_P0.2_B4_T0.4_S0_R5_D0.04/protocol_events.csv,7180,2c9a3d561e9574f8658fd9e76a0faddf92bfef17682151ca29137321046ac69b
publication_track/installation_focus/runs/focus_dev_reliable_COMPAT_O1000_N1_P0.5_B4_T1.0_S0_R5_D0.04/selection.csv,7519,35bba45c4157f26fb22792aebada954be7fe03850fd5fcd1a06024dffd2ef8a3
publication_track/installation_focus/runs/focus_dev_reliable_COMPAT_O1000_N2_P0.5_B4_T1.0_S0_R5_D0.04/selection.csv,7516,58d9b786207e0aecd54df400313ccd016cf3ec2dc524a033894f29a17e942db8
publication_track/installation_focus/runs/focus_dev_reliable_COMPAT_O1001_N1_P0.5_B4_T1.0_S0_R5_D0.04/selection.csv,7663,30835acd3f9199236a4179c888b8053f952022d1fb2beebccb7f7812b63cfadf
publication_track/installation_focus/runs/focus_dev_reliable_COMPAT_O1001_N2_P0.5_B4_T1.0_S0_R5_D0.04/selection.csv,7663,a0ff86cd5a7e5deab732a51add0ae8a4637d7977eba69a9100485af1a464146e
publication_track/installation_focus/runs/focus_dev_reliable_COMPAT_O1300_N1_P0.5_B4_T1.0_S0_R5_D0.04/selection.csv,7860,5d538bdcbdc940317e20f2f558d7b4fc2a4418a452539c13e6778a22b78e63a9
publication_track/installation_focus/runs/focus_dev_reliable_COMPAT_O1300_N2_P0.5_B4_T1.0_S0_R5_D0.04/selection.csv,7859,d2d7f2980e856354d4a9c534dacce3c339a04c0d296f97612476c4417c0f7d99
publication_track/installation_focus/runs/focus_dev_reliable_COMPAT_O1301_N1_P0.5_B4_T1.0_S0_R5_D0.04/selection.csv,7532,8c32159983543f08a48486fae01745eef8908ab6bcb03401828206f1f4d9616c
publication_track/installation_focus/runs/focus_dev_reliable_COMPAT_O1301_N2_P0.5_B4_T1.0_S0_R5_D0.04/selection.csv,7529,fb6a6d657c7e961c7524bddfafe23b6dfe889b0c90f50253d5a37a8149d393a7
publication_track/installation_focus/test_mechanism.py,2915,b0ce0dffc791c87c32c91366e2f0d29b7763acac2270607ada9a0cd3d9d72191
publication_track/radio/controller.py,9964,23ba9bebab4b1fc123404f11d6c2ea15a587674a6af81bfa172db376394ecd8f
publication_track/radio/protocol.py,2465,5414fcffbfeaad8447732f4f93bb87e7992987c0823023fab416250f70cf8195
reproduce.py,4204,26bbbb25d62405c116e19c6f4e71b0c809e4747025c87e9ac3d382141fb529b5
requirements.txt,34,614afc14aa05a2d3d0c67b7ead4f16dc73dde09ccd2ea224029b7d4c65ba78ce
scripts/tcns_build_evidence.py,13252,306b143587d1a3be3664816ca81a043ccbe7262621e6a438b31546d9a5aeba65
scripts/tcns_method_checks.py,604,cd86a01f84304a237d539f233b38b3f6150da65e65e0f7fd7c86647a555d28e5
scripts/tcns_structural_checks.py,7931,8cf375486a8daad7d23af613e9be5617e12229b0de3fedd6f279c2ba4f124201
simulation/semantic/receiver_summary_v1.py,2132,877045d7e24c30ce3e9d272bd2a456e3edc29327547c969c535fc6e0cca3a8c4
simulation/semantic/v5_continuous.py,11624,98a3f10bb393b8d5d66b6ef9876cffcffcdcb6a9d5e4ee58d78b6d6ff3f6c6d6
tested_environment.json,146,00235286e5c37017e2c50d7cb97a34101016466a1d5decc60a590a62c5727b8b
