environment,policy,broadcasts,counts,law,marginals,total_variation_from_product
reliable,GRANT,1600,"[195, 126, 22, 86, 15, 72, 109, 975]","[0.121875, 0.07875, 0.01375, 0.05375, 0.009375, 0.045, 0.068125, 0.609375]","[0.7318749999999999, 0.745, 0.786875]",0.31258699023437503
reliable,COV_EVENT,2551,"[344, 210, 22, 131, 28, 134, 141, 1541]","[0.13484907879263033, 0.08232065856526852, 0.00862406899255194, 0.051352410819286556, 0.01097608780870247, 0.052528420227361816, 0.05527244217953744, 0.6040768326146609]","[0.7228537828302627, 0.7193257546060369, 0.7902783222265779]",0.3325398453207318
reliable,PRESCRIPTION,3998,"[397, 259, 34, 166, 39, 181, 247, 2675]","[0.09929964982491246, 0.0647823911955978, 0.008504252126063032, 0.0415207603801901, 0.00975487743871936, 0.04527263631815908, 0.061780890445222614, 0.6690845422711356]","[0.7858929464732366, 0.7808904452226113, 0.8206603301650826]",0.2826174797919052
partial,GRANT,4000,"[1442, 715, 93, 695, 46, 290, 41, 678]","[0.3605, 0.17875, 0.02325, 0.17375, 0.0115, 0.0725, 0.01025, 0.1695]","[0.26375000000000004, 0.37675000000000003, 0.5945]",0.29370122703125
partial,COV_EVENT,2539,"[727, 422, 65, 564, 43, 171, 37, 510]","[0.2863332020480504, 0.16620716817644743, 0.025600630169358016, 0.2221346987002757, 0.016935801496652227, 0.06734935013784955, 0.0145726664040961, 0.20086648286727057]","[0.29972430090586843, 0.4631744781410004, 0.6565576998818432]",0.27612476895700133
partial,PRESCRIPTION,3988,"[874, 586, 86, 1037, 49, 277, 62, 1017]","[0.21915747241725175, 0.1469408224674022, 0.02156469408224674, 0.2600300902708124, 0.012286860581745235, 0.06945837512537613, 0.015546639919759278, 0.25501504513540624]","[0.35230692076228687, 0.5521564694082247, 0.731444332998997]",0.25398707406069765
contention,GRANT,4000,"[2524, 308, 48, 491, 10, 194, 34, 391]","[0.631, 0.077, 0.012, 0.12275, 0.0025, 0.0485, 0.0085, 0.09775]","[0.15725, 0.24100000000000002, 0.346]",0.356988647
contention,COV_EVENT,4000,"[2520, 299, 50, 499, 6, 201, 36, 389]","[0.63, 0.07475, 0.0125, 0.12475, 0.0015, 0.05025, 0.009, 0.09725]","[0.158, 0.2435, 0.34700000000000003]",0.360336262
contention,PRESCRIPTION,3994,"[2437, 307, 43, 594, 15, 155, 22, 421]","[0.6101652478718077, 0.07686529794692037, 0.010766149223835753, 0.14872308462694042, 0.003755633450175263, 0.03880821231847772, 0.005508262393590386, 0.10540811216825238]","[0.15348022033049574, 0.27040560841261896, 0.3698047070605909]",0.3750804291228025
