tag,tick,max_gap,mean_gap,min_gap,choice_diff,selected_exact_regret
main_reliable_COV_PERIODIC_O1000_N1_P0.5_B8_T1.0_S0_R5,0,0.04537671967668617,0.017553134578237685,0.0,1,0.026480917729748324
main_reliable_COV_PERIODIC_O1000_N1_P0.5_B8_T1.0_S0_R5,5,0.0025282753741198566,0.0007051792351687277,0.0,0,0.0
main_reliable_COV_PERIODIC_O1000_N1_P0.5_B8_T1.0_S0_R5,10,0.0015939974746362537,0.000437812999209423,3.469446951953614e-18,0,0.0
main_reliable_COV_PERIODIC_O1000_N1_P0.5_B8_T1.0_S0_R5,15,0.0016540763942881134,0.00045476949568478233,0.0,0,0.0
main_reliable_COV_PERIODIC_O1000_N1_P0.5_B8_T1.0_S0_R5,20,0.0033000704353370464,0.0009318005578201232,0.0,0,0.0
main_reliable_COV_PERIODIC_O1000_N1_P0.5_B8_T1.0_S0_R5,25,0.004141408880784257,0.0011845112375526356,0.0,0,0.0
main_reliable_COV_PERIODIC_O1000_N1_P0.5_B8_T1.0_S0_R5,30,0.005799728986088874,0.0016990005340788155,0.0,0,0.0
main_reliable_COV_PERIODIC_O1000_N1_P0.5_B8_T1.0_S0_R5,35,0.0016630253801514921,0.0004572989856261685,0.0,0,0.0
main_reliable_COV_PERIODIC_O1000_N1_P0.5_B8_T1.0_S0_R5,40,0.0074207488550675285,0.002221532203517522,0.0,0,0.0
main_reliable_COV_PERIODIC_O1000_N1_P0.5_B8_T1.0_S0_R5,45,0.0016262518866787118,0.00044691227842442234,0.0,0,0.0
main_reliable_COV_PERIODIC_O1000_N1_P0.5_B8_T1.0_S0_R5,50,0.0016858567804745456,0.00046375245408992945,0.0,0,0.0
main_reliable_COV_PERIODIC_O1000_N1_P0.5_B8_T1.0_S0_R5,55,0.0018795821801540283,0.0005187091563577935,0.0,0,0.0
main_reliable_COV_PERIODIC_O1000_N1_P0.5_B8_T1.0_S0_R5,60,0.0016106550057609012,0.0004425110576864724,0.0,0,0.0
main_reliable_COV_PERIODIC_O1000_N1_P0.5_B8_T1.0_S0_R5,65,0.0016873018689288477,0.00046416208105948205,0.0,0,0.0
main_reliable_COV_PERIODIC_O1000_N1_P0.5_B8_T1.0_S0_R5,70,0.0016346389832795835,0.0004492830669330203,0.0,0,0.0
main_reliable_COV_PERIODIC_O1000_N1_P0.5_B8_T1.0_S0_R5,75,0.0032333202049405207,0.000912001144567611,0.0,0,0.0
main_reliable_COV_PERIODIC_O1000_N1_P0.5_B8_T1.0_S0_R5,80,0.0015448859161810505,0.00042397649710983914,0.0,0,0.0
main_reliable_COV_PERIODIC_O1000_N1_P0.5_B8_T1.0_S0_R5,85,0.0016939340118317103,0.00046603701271814304,-3.469446951953614e-18,0,0.0
main_reliable_COV_PERIODIC_O1000_N1_P0.5_B8_T1.0_S0_R5,90,0.003354398412340809,0.0009479427879154277,0.0,0,0.0
main_reliable_COV_PERIODIC_O1000_N1_P0.5_B8_T1.0_S0_R5,95,0.0018335923807429183,0.0005056317937386242,-3.469446951953614e-18,0,0.0
main_reliable_COV_PERIODIC_O1000_N1_P0.5_B8_T1.0_S0_R5,100,0.0031292936858453788,0.0008812194171685297,0.0,0,0.0
main_reliable_COV_PERIODIC_O1000_N1_P0.5_B8_T1.0_S0_R5,105,0.002675435413898683,0.0007480002194901114,0.0,0,0.0
main_reliable_COV_PERIODIC_O1000_N1_P0.5_B8_T1.0_S0_R5,110,0.0032677950872311012,0.0009222224049331573,0.0,0,0.0
main_reliable_COV_PERIODIC_O1000_N1_P0.5_B8_T1.0_S0_R5,115,0.0030429979592820414,0.0008557535173166025,0.0,0,0.0
main_reliable_COV_PERIODIC_O1000_N1_P0.5_B8_T1.0_S0_R5,120,0.001583679953526096,0.00043490434192351116,0.0,0,0.0
main_reliable_COV_PERIODIC_O1000_N1_P0.5_B8_T1.0_S0_R5,125,0.0015799888852402535,0.0004338640141404365,-3.469446951953614e-18,0,0.0
main_reliable_COV_PERIODIC_O1000_N1_P0.5_B8_T1.0_S0_R5,130,0.0061926545793902915,0.0018239269469423692,0.0,0,0.0
main_reliable_COV_PERIODIC_O1000_N1_P0.5_B8_T1.0_S0_R5,135,0.003204552148582243,0.0009034794977054755,0.0,0,0.0
main_reliable_COV_PERIODIC_O1000_N1_P0.5_B8_T1.0_S0_R5,140,0.0028215930324713215,0.0007907061323486946,0.0,0,0.0
main_reliable_COV_PERIODIC_O1000_N1_P0.5_B8_T1.0_S0_R5,145,0.0055626720412291705,0.0016241649755351592,0.0,0,0.0
main_reliable_COV_PERIODIC_O1000_N1_P0.5_B8_T1.0_S0_R5,150,0.005696258412491571,0.001666280360399077,0.0,0,0.0
main_reliable_COV_PERIODIC_O1000_N1_P0.5_B8_T1.0_S0_R5,155,0.0029113135933046055,0.0008170151095609037,0.0,0,0.0
main_reliable_COV_PERIODIC_O1000_N1_P0.5_B8_T1.0_S0_R5,160,0.0015473649656442615,0.0004246744036455195,0.0,0,0.0
main_reliable_COV_PERIODIC_O1000_N1_P0.5_B8_T1.0_S0_R5,165,0.006927554599142544,0.0020605856498512242,-6.938893903907228e-18,0,0.0
main_reliable_COV_PERIODIC_O1000_N1_P0.5_B8_T1.0_S0_R5,170,0.0032250597315519325,0.0009095535237518968,0.0,0,0.0
main_reliable_COV_PERIODIC_O1000_N1_P0.5_B8_T1.0_S0_R5,175,0.003127807654588838,0.0008807803565296748,0.0,0,0.0
main_reliable_COV_PERIODIC_O1000_N1_P0.5_B8_T1.0_S0_R5,180,0.003249167878527595,0.0009166984934332338,0.0,0,0.0
main_reliable_COV_PERIODIC_O1000_N1_P0.5_B8_T1.0_S0_R5,185,0.0029711795514067024,0.000834607971292399,0.0,0,0.0
main_reliable_COV_PERIODIC_O1000_N1_P0.5_B8_T1.0_S0_R5,190,0.003268953437966189,0.0009225660106073562,0.0,0,0.0
main_reliable_COV_PERIODIC_O1000_N1_P0.5_B8_T1.0_S0_R5,195,0.0052728637705523745,0.0015332570599152764,0.0,0,0.0
main_reliable_COV_PERIODIC_O1000_N2_P0.5_B8_T1.0_S0_R5,0,0.04537671967668617,0.017553134578237685,0.0,1,0.026480917729748324
main_reliable_COV_PERIODIC_O1000_N2_P0.5_B8_T1.0_S0_R5,5,0.0025300131575213478,0.0007056837510666473,0.0,0,0.0
main_reliable_COV_PERIODIC_O1000_N2_P0.5_B8_T1.0_S0_R5,10,0.001444385217141922,0.00039573105783687393,0.0,1,0.0003003757297562054
main_reliable_COV_PERIODIC_O1000_N2_P0.5_B8_T1.0_S0_R5,15,0.0016520031934440654,0.00045418704864787896,0.0,0,0.0
main_reliable_COV_PERIODIC_O1000_N2_P0.5_B8_T1.0_S0_R5,20,0.0033000696618143976,0.0009318003283763089,0.0,0,0.0
main_reliable_COV_PERIODIC_O1000_N2_P0.5_B8_T1.0_S0_R5,25,0.004141408880729919,0.0011845112375361284,0.0,0,0.0
main_reliable_COV_PERIODIC_O1000_N2_P0.5_B8_T1.0_S0_R5,30,0.005799728986088874,0.0016990005340788155,0.0,0,0.0
main_reliable_COV_PERIODIC_O1000_N2_P0.5_B8_T1.0_S0_R5,35,0.0016630953005323662,0.0004573178174640703,3.469446951953614e-18,0,0.0
main_reliable_COV_PERIODIC_O1000_N2_P0.5_B8_T1.0_S0_R5,40,0.0032390914862267806,0.000913711544244408,0.0,0,0.0
main_reliable_COV_PERIODIC_O1000_N2_P0.5_B8_T1.0_S0_R5,45,0.0016248741405302941,0.00044652340812120073,0.0,0,0.0
main_reliable_COV_PERIODIC_O1000_N2_P0.5_B8_T1.0_S0_R5,50,0.0016858566852799364,0.0004637524271686608,0.0,0,0.0
main_reliable_COV_PERIODIC_O1000_N2_P0.5_B8_T1.0_S0_R5,55,0.0018795821800773882,0.0005187091563359837,0.0,0,0.0
main_reliable_COV_PERIODIC_O1000_N2_P0.5_B8_T1.0_S0_R5,60,0.0016106550057608943,0.00044251105768647136,0.0,0,0.0
main_reliable_COV_PERIODIC_O1000_N2_P0.5_B8_T1.0_S0_R5,65,0.001687371797445207,0.0004641809150885227,0.0,0,0.0
main_reliable_COV_PERIODIC_O1000_N2_P0.5_B8_T1.0_S0_R5,70,0.0016348810135193154,0.000449348254361179,0.0,0,0.0
main_reliable_COV_PERIODIC_O1000_N2_P0.5_B8_T1.0_S0_R5,75,0.003233320212532996,0.0009120011466125031,6.938893903907228e-18,0,0.0
main_reliable_COV_PERIODIC_O1000_N2_P0.5_B8_T1.0_S0_R5,80,0.0015448859161810435,0.0004239764971098385,0.0,0,0.0
main_reliable_COV_PERIODIC_O1000_N2_P0.5_B8_T1.0_S0_R5,85,0.0016939340118317103,0.00046603701271814304,-3.469446951953614e-18,0,0.0
main_reliable_COV_PERIODIC_O1000_N2_P0.5_B8_T1.0_S0_R5,90,0.003354398412340809,0.0009479427879154277,0.0,0,0.0
main_reliable_COV_PERIODIC_O1000_N2_P0.5_B8_T1.0_S0_R5,95,0.0018335923807429183,0.0005056317937386242,-3.469446951953614e-18,0,0.0
main_reliable_COV_PERIODIC_O1000_N2_P0.5_B8_T1.0_S0_R5,100,0.003132530288014315,0.0008821757634045319,0.0,0,0.0
main_reliable_COV_PERIODIC_O1000_N2_P0.5_B8_T1.0_S0_R5,105,0.0026754354141991232,0.0007480002195710316,0.0,0,0.0
main_reliable_COV_PERIODIC_O1000_N2_P0.5_B8_T1.0_S0_R5,110,0.0032677950872311012,0.0009222224049331577,0.0,0,0.0
main_reliable_COV_PERIODIC_O1000_N2_P0.5_B8_T1.0_S0_R5,115,0.0030429979592820414,0.0008557535173166025,0.0,0,0.0
main_reliable_COV_PERIODIC_O1000_N2_P0.5_B8_T1.0_S0_R5,120,0.0015850367944390542,0.00043528679907470544,0.0,0,0.0
main_reliable_COV_PERIODIC_O1000_N2_P0.5_B8_T1.0_S0_R5,125,0.0015799889711435103,0.00043386403835081835,0.0,0,0.0
main_reliable_COV_PERIODIC_O1000_N2_P0.5_B8_T1.0_S0_R5,130,0.0061926545836423486,0.0018239269483004729,0.0,0,0.0
main_reliable_COV_PERIODIC_O1000_N2_P0.5_B8_T1.0_S0_R5,135,0.0032045521486017137,0.000903479497711243,0.0,0,0.0
main_reliable_COV_PERIODIC_O1000_N2_P0.5_B8_T1.0_S0_R5,140,0.00282159303247137,0.0007907061323487074,0.0,0,0.0
main_reliable_COV_PERIODIC_O1000_N2_P0.5_B8_T1.0_S0_R5,145,0.0055626720412291705,0.0016241649755351592,0.0,0,0.0
main_reliable_COV_PERIODIC_O1000_N2_P0.5_B8_T1.0_S0_R5,150,0.005696258412491571,0.001666280360399077,0.0,0,0.0
main_reliable_COV_PERIODIC_O1000_N2_P0.5_B8_T1.0_S0_R5,155,0.00291124367691499,0.0008169962787979843,0.0,0,0.0
main_reliable_COV_PERIODIC_O1000_N2_P0.5_B8_T1.0_S0_R5,160,0.0015473649632688352,0.00042467440300574265,0.0,0,0.0
main_reliable_COV_PERIODIC_O1000_N2_P0.5_B8_T1.0_S0_R5,165,0.006927554599142544,0.002060585649851223,0.0,0,0.0
main_reliable_COV_PERIODIC_O1000_N2_P0.5_B8_T1.0_S0_R5,170,0.0032250597315519325,0.0009095535237518968,0.0,0,0.0
main_reliable_COV_PERIODIC_O1000_N2_P0.5_B8_T1.0_S0_R5,175,0.0031435274372494312,0.0008854258440451526,6.938893903907228e-18,0,0.0
main_reliable_COV_PERIODIC_O1000_N2_P0.5_B8_T1.0_S0_R5,180,0.003267035925134748,0.0009219972180795097,0.0,0,0.0
main_reliable_COV_PERIODIC_O1000_N2_P0.5_B8_T1.0_S0_R5,185,0.0029878851345666035,0.000839522758444495,0.0,0,0.0
main_reliable_COV_PERIODIC_O1000_N2_P0.5_B8_T1.0_S0_R5,190,0.0032690464693892057,0.0009225936073351985,0.0,0,0.0
main_reliable_COV_PERIODIC_O1000_N2_P0.5_B8_T1.0_S0_R5,195,0.005272863770552624,0.001533257059915341,0.0,0,0.0
main_reliable_COV_EVENT_O1000_N1_P0.5_B4_T1.0_S0_R5,0,0.04537671967668617,0.017553134578237685,0.0,1,0.026480917729748324
main_reliable_COV_EVENT_O1000_N1_P0.5_B4_T1.0_S0_R5,5,0.0032884996690414336,0.0009283657719548626,0.0,0,0.0
main_reliable_COV_EVENT_O1000_N1_P0.5_B4_T1.0_S0_R5,15,0.0016842059592571054,0.00046328561023293793,0.0,0,0.0
main_reliable_COV_EVENT_O1000_N1_P0.5_B4_T1.0_S0_R5,20,0.003300082931309102,0.0009318042678586945,0.0,0,0.0
main_reliable_COV_EVENT_O1000_N1_P0.5_B4_T1.0_S0_R5,30,0.0018342661895906776,0.0005058269011735911,0.0,0,0.0
main_reliable_COV_EVENT_O1000_N1_P0.5_B4_T1.0_S0_R5,35,0.0016881768382552287,0.0004644085966995988,0.0,0,0.0
main_reliable_COV_EVENT_O1000_N1_P0.5_B4_T1.0_S0_R5,55,0.0018795821802822313,0.0005187091563942758,0.0,0,0.0
main_reliable_COV_EVENT_O1000_N1_P0.5_B4_T1.0_S0_R5,60,0.0016106550057609081,0.00044251105768647515,0.0,0,0.0
main_reliable_COV_EVENT_O1000_N1_P0.5_B4_T1.0_S0_R5,65,0.001687371797445207,0.0004641809150885227,0.0,0,0.0
main_reliable_COV_EVENT_O1000_N1_P0.5_B4_T1.0_S0_R5,70,0.0016348810135193154,0.000449348254361179,0.0,0,0.0
main_reliable_COV_EVENT_O1000_N1_P0.5_B4_T1.0_S0_R5,75,0.003233320212532996,0.0009120011466125031,6.938893903907228e-18,0,0.0
main_reliable_COV_EVENT_O1000_N1_P0.5_B4_T1.0_S0_R5,90,0.003354398412340809,0.0009479427879154277,0.0,0,0.0
main_reliable_COV_EVENT_O1000_N1_P0.5_B4_T1.0_S0_R5,95,0.0018335923807429183,0.0005056317937386242,-3.469446951953614e-18,0,0.0
main_reliable_COV_EVENT_O1000_N1_P0.5_B4_T1.0_S0_R5,100,0.0031292936858453788,0.0008812194171685297,0.0,0,0.0
main_reliable_COV_EVENT_O1000_N1_P0.5_B4_T1.0_S0_R5,105,0.002675435413898683,0.0007480002194901114,0.0,0,0.0
main_reliable_COV_EVENT_O1000_N1_P0.5_B4_T1.0_S0_R5,110,0.007621377073535017,0.002287481215247,0.0,0,0.0
main_reliable_COV_EVENT_O1000_N1_P0.5_B4_T1.0_S0_R5,115,0.0030792974561046835,0.000866457840415353,0.0,0,0.0
main_reliable_COV_EVENT_O1000_N1_P0.5_B4_T1.0_S0_R5,140,0.003964448567752632,0.0011308774261182982,0.0,0,0.0
main_reliable_COV_EVENT_O1000_N2_P0.5_B4_T1.0_S0_R5,0,0.04537671967668617,0.017553134578237685,0.0,1,0.026480917729748324
main_reliable_COV_EVENT_O1000_N2_P0.5_B4_T1.0_S0_R5,5,0.0025300131575213478,0.0007056837510666473,0.0,0,0.0
main_reliable_COV_EVENT_O1000_N2_P0.5_B4_T1.0_S0_R5,15,0.004889993716585418,0.0014141407446596245,0.0,0,0.0
main_reliable_COV_EVENT_O1000_N2_P0.5_B4_T1.0_S0_R5,20,0.003300140487400842,0.0009318213564216912,0.0,0,0.0
main_reliable_COV_EVENT_O1000_N2_P0.5_B4_T1.0_S0_R5,30,0.0018345122284972384,0.0005058931682985187,0.0,0,0.0
main_reliable_COV_EVENT_O1000_N2_P0.5_B4_T1.0_S0_R5,35,0.0016881768382629447,0.0004644085967016804,0.0,0,0.0
main_reliable_COV_EVENT_O1000_N2_P0.5_B4_T1.0_S0_R5,55,0.0018795821802822313,0.0005187091563942758,0.0,0,0.0
main_reliable_COV_EVENT_O1000_N2_P0.5_B4_T1.0_S0_R5,60,0.0016106550057609081,0.00044251105768647515,0.0,0,0.0
main_reliable_COV_EVENT_O1000_N2_P0.5_B4_T1.0_S0_R5,65,0.001687371797445207,0.0004641809150885227,0.0,0,0.0
main_reliable_COV_EVENT_O1000_N2_P0.5_B4_T1.0_S0_R5,70,0.0016590866399539828,0.000456185065345964,0.0,0,0.0
main_reliable_COV_EVENT_O1000_N2_P0.5_B4_T1.0_S0_R5,75,0.003233329948839986,0.0009120040318679333,0.0,0,0.0
main_reliable_COV_EVENT_O1000_N2_P0.5_B4_T1.0_S0_R5,90,0.003354398412340809,0.0009479427879154277,0.0,0,0.0
main_reliable_COV_EVENT_O1000_N2_P0.5_B4_T1.0_S0_R5,95,0.0018335923807429183,0.0005056317937386242,-3.469446951953614e-18,0,0.0
main_reliable_GRANT_O1000_N1_P0.5_B4_T1.0_S0_R5,0,0.04537671967668617,0.017553134578237685,0.0,1,0.026480917729748324
main_reliable_GRANT_O1000_N1_P0.5_B4_T1.0_S0_R5,5,0.0025282753741198566,0.0007051792351687277,0.0,0,0.0
main_reliable_GRANT_O1000_N1_P0.5_B4_T1.0_S0_R5,10,0.0015939974746362537,0.000437812999209423,3.469446951953614e-18,0,0.0
main_reliable_GRANT_O1000_N1_P0.5_B4_T1.0_S0_R5,15,0.0016523236919482182,0.0004542743501623714,-3.469446951953614e-18,0,0.0
main_reliable_GRANT_O1000_N1_P0.5_B4_T1.0_S0_R5,20,0.002533408182196502,0.0007066694756344003,0.0,0,0.0
main_reliable_GRANT_O1000_N1_P0.5_B4_T1.0_S0_R5,25,0.004141408876126795,0.0011845112362982254,0.0,0,0.0
main_reliable_GRANT_O1000_N1_P0.5_B4_T1.0_S0_R5,30,0.005799728986088874,0.0016990005340788152,0.0,0,0.0
main_reliable_GRANT_O1000_N1_P0.5_B4_T1.0_S0_R5,35,0.0016630253801514921,0.0004572989856261685,0.0,0,0.0
main_reliable_GRANT_O1000_N1_P0.5_B4_T1.0_S0_R5,40,0.0032390914818949054,0.0009137115430777029,0.0,0,0.0
main_reliable_GRANT_O1000_N1_P0.5_B4_T1.0_S0_R5,45,0.0016254939560855011,0.00044669834953133767,0.0,0,0.0
main_reliable_GRANT_O1000_N1_P0.5_B4_T1.0_S0_R5,50,0.0016858567281164416,0.00046375243928292845,0.0,0,0.0
main_reliable_GRANT_O1000_N1_P0.5_B4_T1.0_S0_R5,55,0.0017618608675617278,0.00048527292670701394,0.0,0,0.0
main_reliable_GRANT_O1000_N1_P0.5_B4_T1.0_S0_R5,60,0.001610648192683306,0.0004425091356188318,0.0,0,0.0
main_reliable_GRANT_O1000_N1_P0.5_B4_T1.0_S0_R5,65,0.0016873018684508134,0.00046416208092428675,3.469446951953614e-18,0,0.0
main_reliable_GRANT_O1000_N1_P0.5_B4_T1.0_S0_R5,70,0.0016346389832795558,0.00044928306693301336,0.0,0,0.0
main_reliable_GRANT_O1000_N1_P0.5_B4_T1.0_S0_R5,75,0.002495894309256702,0.0006957831297328364,0.0,0,0.0
main_reliable_GRANT_O1000_N1_P0.5_B4_T1.0_S0_R5,80,0.0015448629498697325,0.0004239700318562571,0.0,0,0.0
main_reliable_GRANT_O1000_N1_P0.5_B4_T1.0_S0_R5,85,0.0016939340101253045,0.0004660370122354415,0.0,0,0.0
main_reliable_GRANT_O1000_N1_P0.5_B4_T1.0_S0_R5,90,0.0025791498546323052,0.0007199600670479128,0.0,0,0.0
main_reliable_GRANT_O1000_N1_P0.5_B4_T1.0_S0_R5,95,0.001828597209032931,0.0005042125508988914,0.0,0,0.0
main_reliable_GRANT_O1000_N1_P0.5_B4_T1.0_S0_R5,100,0.002414854338046925,0.000672307666005213,0.0,0,0.0
main_reliable_GRANT_O1000_N1_P0.5_B4_T1.0_S0_R5,105,0.002675435162186067,0.0007480001516941703,0.0,0,0.0
main_reliable_GRANT_O1000_N1_P0.5_B4_T1.0_S0_R5,110,0.0032677950872310874,0.0009222224049331548,0.0,0,0.0
main_reliable_GRANT_O1000_N1_P0.5_B4_T1.0_S0_R5,115,0.0030429979592820414,0.0008557535173166025,0.0,0,0.0
main_reliable_GRANT_O1000_N1_P0.5_B4_T1.0_S0_R5,120,0.001583679953526096,0.00043490434192351116,0.0,0,0.0
main_reliable_GRANT_O1000_N1_P0.5_B4_T1.0_S0_R5,125,0.0015799888852402535,0.0004338640141404365,-3.469446951953614e-18,0,0.0
main_reliable_GRANT_O1000_N1_P0.5_B4_T1.0_S0_R5,130,0.003047272575827001,0.0008570134753123515,0.0,0,0.0
main_reliable_GRANT_O1000_N1_P0.5_B4_T1.0_S0_R5,135,0.0031681127548702087,0.000892695436542681,0.0,0,0.0
main_reliable_GRANT_O1000_N1_P0.5_B4_T1.0_S0_R5,140,0.0028215039648276027,0.0007906800490604866,0.0,0,0.0
main_reliable_GRANT_O1000_N1_P0.5_B4_T1.0_S0_R5,145,0.0055626720412290595,0.0016241649755351297,0.0,0,0.0
main_reliable_GRANT_O1000_N1_P0.5_B4_T1.0_S0_R5,150,0.005696258412491571,0.001666280360399077,0.0,0,0.0
main_reliable_GRANT_O1000_N1_P0.5_B4_T1.0_S0_R5,155,0.0029113135933046055,0.0008170151095609037,0.0,0,0.0
main_reliable_GRANT_O1000_N1_P0.5_B4_T1.0_S0_R5,160,0.0015473649656442615,0.0004246744036455195,0.0,0,0.0
main_reliable_GRANT_O1000_N1_P0.5_B4_T1.0_S0_R5,165,0.0032487784474656903,0.0009165830384091788,0.0,0,0.0
main_reliable_GRANT_O1000_N1_P0.5_B4_T1.0_S0_R5,170,0.0032060254836123597,0.0009039157588010623,0.0,0,0.0
main_reliable_GRANT_O1000_N1_P0.5_B4_T1.0_S0_R5,175,0.0031277252900190136,0.0008807560217581596,-6.938893903907228e-18,0,0.0
main_reliable_GRANT_O1000_N1_P0.5_B4_T1.0_S0_R5,180,0.0032491674598395734,0.0009166983693036859,0.0,0,0.0
main_reliable_GRANT_O1000_N1_P0.5_B4_T1.0_S0_R5,185,0.002971179549528642,0.000834607970740014,0.0,0,0.0
main_reliable_GRANT_O1000_N1_P0.5_B4_T1.0_S0_R5,190,0.0032689534379556975,0.0009225660106042463,0.0,0,0.0
main_reliable_GRANT_O1000_N1_P0.5_B4_T1.0_S0_R5,195,0.0016955239989494275,0.0004664877402986876,0.0,0,0.0
main_reliable_GRANT_O1000_N2_P0.5_B4_T1.0_S0_R5,0,0.04537671967668617,0.017553134578237685,0.0,1,0.026480917729748324
main_reliable_GRANT_O1000_N2_P0.5_B4_T1.0_S0_R5,5,0.0025300131575213478,0.0007056837510666473,0.0,0,0.0
main_reliable_GRANT_O1000_N2_P0.5_B4_T1.0_S0_R5,10,0.001444385217141922,0.00039573105783687393,0.0,1,0.0003003757297562054
main_reliable_GRANT_O1000_N2_P0.5_B4_T1.0_S0_R5,15,0.0016520031934440654,0.00045418704864787896,0.0,0,0.0
main_reliable_GRANT_O1000_N2_P0.5_B4_T1.0_S0_R5,20,0.002533408157956593,0.000706669468759406,-3.469446951953614e-18,0,0.0
main_reliable_GRANT_O1000_N2_P0.5_B4_T1.0_S0_R5,25,0.004141408876072471,0.001184511236281721,6.938893903907228e-18,0,0.0
main_reliable_GRANT_O1000_N2_P0.5_B4_T1.0_S0_R5,30,0.005799728986088874,0.0016990005340788152,0.0,0,0.0
main_reliable_GRANT_O1000_N2_P0.5_B4_T1.0_S0_R5,35,0.0016630953005323662,0.0004573178174640703,3.469446951953614e-18,0,0.0
main_reliable_GRANT_O1000_N2_P0.5_B4_T1.0_S0_R5,40,0.0032390914862267806,0.000913711544244408,0.0,0,0.0
main_reliable_GRANT_O1000_N2_P0.5_B4_T1.0_S0_R5,45,0.0016248741405302941,0.00044652340812120073,0.0,0,0.0
main_reliable_GRANT_O1000_N2_P0.5_B4_T1.0_S0_R5,50,0.0016858566852799364,0.0004637524271686608,0.0,0,0.0
main_reliable_GRANT_O1000_N2_P0.5_B4_T1.0_S0_R5,55,0.0017618608675470451,0.00048527292670284995,0.0,0,0.0
main_reliable_GRANT_O1000_N2_P0.5_B4_T1.0_S0_R5,60,0.001610648192683306,0.00044250913561883046,0.0,0,0.0
main_reliable_GRANT_O1000_N2_P0.5_B4_T1.0_S0_R5,65,0.0016873717969671659,0.0004641809149533271,0.0,0,0.0
main_reliable_GRANT_O1000_N2_P0.5_B4_T1.0_S0_R5,70,0.0016348810135192876,0.0004493482543611721,0.0,0,0.0
main_reliable_GRANT_O1000_N2_P0.5_B4_T1.0_S0_R5,75,0.0024958943168491635,0.0006957831317777282,0.0,0,0.0
main_reliable_GRANT_O1000_N2_P0.5_B4_T1.0_S0_R5,80,0.0015448629498697325,0.00042397003185625697,-3.469446951953614e-18,0,0.0
main_reliable_GRANT_O1000_N2_P0.5_B4_T1.0_S0_R5,85,0.0016939340101253045,0.0004660370122354415,0.0,0,0.0
main_reliable_GRANT_O1000_N2_P0.5_B4_T1.0_S0_R5,90,0.0025791498546323052,0.0007199600670479128,0.0,0,0.0
main_reliable_GRANT_O1000_N2_P0.5_B4_T1.0_S0_R5,95,0.001828597209032931,0.0005042125508988914,0.0,0,0.0
main_reliable_GRANT_O1000_N2_P0.5_B4_T1.0_S0_R5,100,0.002416573068906809,0.0006728049473120325,0.0,0,0.0
main_reliable_GRANT_O1000_N2_P0.5_B4_T1.0_S0_R5,105,0.002675435340336943,0.0007480001996770896,0.0,0,0.0
main_reliable_GRANT_O1000_N2_P0.5_B4_T1.0_S0_R5,110,0.0032677950872311012,0.0009222224049331571,6.938893903907228e-18,0,0.0
main_reliable_GRANT_O1000_N2_P0.5_B4_T1.0_S0_R5,115,0.0030429979592820414,0.0008557535173166025,0.0,0,0.0
main_reliable_GRANT_O1000_N2_P0.5_B4_T1.0_S0_R5,120,0.0015850367943772287,0.0004352867990580549,0.0,0,0.0
main_reliable_GRANT_O1000_N2_P0.5_B4_T1.0_S0_R5,125,0.0015799889711435103,0.0004338640383508187,0.0,0,0.0
main_reliable_GRANT_O1000_N2_P0.5_B4_T1.0_S0_R5,130,0.0030472725761300223,0.0008570134754016747,0.0,0,0.0
main_reliable_GRANT_O1000_N2_P0.5_B4_T1.0_S0_R5,135,0.003185413915608025,0.0008978142386921596,0.0,0,0.0
main_reliable_GRANT_O1000_N2_P0.5_B4_T1.0_S0_R5,140,0.0028215463608518287,0.0007906924646461847,0.0,0,0.0
main_reliable_GRANT_O1000_N2_P0.5_B4_T1.0_S0_R5,145,0.005562672041229108,0.001624164975535143,0.0,0,0.0
main_reliable_GRANT_O1000_N2_P0.5_B4_T1.0_S0_R5,150,0.005696258412491571,0.001666280360399077,0.0,0,0.0
main_reliable_GRANT_O1000_N2_P0.5_B4_T1.0_S0_R5,155,0.0029113135933046055,0.0008170151095609037,0.0,0,0.0
main_reliable_GRANT_O1000_N2_P0.5_B4_T1.0_S0_R5,160,0.0015486905462585437,0.00042504760672581554,0.0,0,0.0
main_reliable_GRANT_O1000_N2_P0.5_B4_T1.0_S0_R5,165,0.0032487837744321624,0.0009165846176917852,0.0,0,0.0
main_reliable_GRANT_O1000_N2_P0.5_B4_T1.0_S0_R5,170,0.003189510530584791,0.000899026651378472,0.0,0,0.0
main_reliable_GRANT_O1000_N2_P0.5_B4_T1.0_S0_R5,175,0.003143278261166775,0.000885352191639979,0.0,0,0.0
main_reliable_GRANT_O1000_N2_P0.5_B4_T1.0_S0_R5,180,0.003267033882981496,0.0009219966123312599,0.0,0,0.0
main_reliable_GRANT_O1000_N2_P0.5_B4_T1.0_S0_R5,185,0.002971259485780642,0.0008346314820747512,0.0,0,0.0
main_reliable_GRANT_O1000_N2_P0.5_B4_T1.0_S0_R5,190,0.0032688839599812197,0.000922547310105784,0.0,0,0.0
main_reliable_GRANT_O1000_N2_P0.5_B4_T1.0_S0_R5,195,0.0016955238975612241,0.00046648771161684636,0.0,0,0.0
main_reliable_GOQ_O1000_N1_P0.2_B4_T0.4_S0_R5,0,0.04537671967668617,0.017553134578237685,0.0,1,0.026480917729748324
main_reliable_GOQ_O1000_N1_P0.2_B4_T0.4_S0_R5,10,0.004556439446124862,0.0013112723428670334,0.0,0,0.0
main_reliable_GOQ_O1000_N1_P0.2_B4_T0.4_S0_R5,20,0.002533414627795036,0.0007066713574007438,0.0,0,0.0
main_reliable_GOQ_O1000_N1_P0.2_B4_T0.4_S0_R5,30,0.0018344443343590033,0.0005058748821964274,0.0,0,0.0
main_reliable_GOQ_O1000_N1_P0.2_B4_T0.4_S0_R5,40,0.0032934321785004633,0.000929829854019826,0.0,0,0.0
main_reliable_GOQ_O1000_N1_P0.2_B4_T0.4_S0_R5,50,0.003410553742113423,0.0009646609009218486,0.0,0,0.0
main_reliable_GOQ_O1000_N1_P0.2_B4_T0.4_S0_R5,60,0.001869269080363202,0.0005157785692741603,0.0,0,0.0
main_reliable_GOQ_O1000_N1_P0.2_B4_T0.4_S0_R5,70,0.0032883679334440308,0.0009283266811718633,0.0,0,0.0
main_reliable_GOQ_O1000_N1_P0.2_B4_T0.4_S0_R5,80,0.0017752701655318476,0.0004890786452504039,-3.469446951953614e-18,0,0.0
main_reliable_GOQ_O1000_N1_P0.2_B4_T0.4_S0_R5,90,0.002578903571830181,0.0007198937343077475,0.0,0,0.0
main_reliable_GOQ_O1000_N1_P0.2_B4_T0.4_S0_R5,100,0.006210212066310464,0.0018295359215565565,0.0,0,0.0
main_reliable_GOQ_O1000_N1_P0.2_B4_T0.4_S0_R5,110,0.0032676036075423714,0.0009221656085589234,0.0,0,0.0
main_reliable_GOQ_O1000_N1_P0.2_B4_T0.4_S0_R5,120,0.005427857109551515,0.0015817973109623355,0.0,0,0.0
main_reliable_GOQ_O1000_N1_P0.2_B4_T0.4_S0_R5,130,0.003047272621440486,0.0008570134887579084,0.0,0,0.0
main_reliable_GOQ_O1000_N1_P0.2_B4_T0.4_S0_R5,140,0.0028160310927148394,0.0007890774594748289,0.0,0,0.0
main_reliable_GOQ_O1000_N1_P0.2_B4_T0.4_S0_R5,150,0.0036255282106367956,0.001028870878175912,0.0,0,0.0
main_reliable_GOQ_O1000_N1_P0.2_B4_T0.4_S0_R5,160,0.0018125385273162972,0.0004996524351351909,0.0,0,0.0
main_reliable_GOQ_O1000_N1_P0.2_B4_T0.4_S0_R5,170,0.003190358016838285,0.0008992775513033511,0.0,0,0.0
main_reliable_GOQ_O1000_N1_P0.2_B4_T0.4_S0_R5,180,0.0032489208263127775,0.0009166319326288209,0.0,0,0.0
main_reliable_GOQ_O1000_N1_P0.2_B4_T0.4_S0_R5,190,0.003268707389148487,0.0009224997408124906,0.0,0,0.0
main_reliable_GOQ_O1000_N2_P0.2_B4_T0.4_S0_R5,0,0.04537671967668617,0.017553134578237685,0.0,1,0.026480917729748324
main_reliable_GOQ_O1000_N2_P0.2_B4_T0.4_S0_R5,10,0.004556439446124862,0.0013112723428670334,0.0,0,0.0
main_reliable_GOQ_O1000_N2_P0.2_B4_T0.4_S0_R5,20,0.002533678174587904,0.0007067478705753111,0.0,0,0.0
main_reliable_GOQ_O1000_N2_P0.2_B4_T0.4_S0_R5,30,0.004430151612808124,0.0012725583527666922,0.0,0,0.0
main_reliable_GOQ_O1000_N2_P0.2_B4_T0.4_S0_R5,40,0.006247580920044737,0.0018414813299917699,0.0,0,0.0
main_reliable_GOQ_O1000_N2_P0.2_B4_T0.4_S0_R5,50,0.0016856144769528958,0.0004636871918581059,0.0,0,0.0
main_reliable_GOQ_O1000_N2_P0.2_B4_T0.4_S0_R5,60,0.004847150356855248,0.0014008736329228656,0.0,0,0.0
main_reliable_GOQ_O1000_N2_P0.2_B4_T0.4_S0_R5,70,0.0032576345668951304,0.0009192091494500655,0.0,0,0.0
main_reliable_GOQ_O1000_N2_P0.2_B4_T0.4_S0_R5,80,0.0015446000748909686,0.00042389987669858606,0.0,0,0.0
main_reliable_GOQ_O1000_N2_P0.2_B4_T0.4_S0_R5,90,0.0033879369447028934,0.0009579204496165691,0.0,0,0.0
main_reliable_GOQ_O1000_N2_P0.2_B4_T0.4_S0_R5,100,0.0031299247241316497,0.0008814059262011996,0.0,0,0.0
main_reliable_GOQ_O1000_N2_P0.2_B4_T0.4_S0_R5,110,0.0032970666616601724,0.0009309087790248034,0.0,0,0.0
main_reliable_GOQ_O1000_N2_P0.2_B4_T0.4_S0_R5,120,0.0015883707458479099,0.00043622662247095776,0.0,0,0.0
main_reliable_GOQ_O1000_N2_P0.2_B4_T0.4_S0_R5,130,0.003078638171682163,0.0008662633252652888,0.0,0,0.0
main_reliable_GOQ_O1000_N2_P0.2_B4_T0.4_S0_R5,140,0.0028160313440958734,0.000789077533079389,0.0,0,0.0
main_reliable_GOQ_O1000_N2_P0.2_B4_T0.4_S0_R5,150,0.003625595928325301,0.001028889116759494,0.0,0,0.0
main_reliable_GOQ_O1000_N2_P0.2_B4_T0.4_S0_R5,160,0.0018126064216265128,0.0004996707212836008,0.0,0,0.0
main_reliable_GOQ_O1000_N2_P0.2_B4_T0.4_S0_R5,170,0.005880710662677563,0.001724669402305461,0.0,0,0.0
main_reliable_GOQ_O1000_N2_P0.2_B4_T0.4_S0_R5,180,0.006265869618320305,0.001847343648452932,0.0,0,0.0
main_reliable_GOQ_O1000_N2_P0.2_B4_T0.4_S0_R5,190,0.003268966684009854,0.0009225699464625011,0.0,0,0.0
main_reliable_PRESCRIPTION_O1000_N1_P0.5_B8_T1.0_S0_R5,0,0.04537671967668617,0.017553134578237685,0.0,1,0.026480917729748324
main_reliable_PRESCRIPTION_O1000_N1_P0.5_B8_T1.0_S0_R5,10,0.0045670435849675395,0.0013145289993055293,0.0,0,0.0
main_reliable_PRESCRIPTION_O1000_N1_P0.5_B8_T1.0_S0_R5,20,0.0033000855920618175,0.0009318050578330342,0.0,0,0.0
main_reliable_PRESCRIPTION_O1000_N1_P0.5_B8_T1.0_S0_R5,30,0.0045170688920566845,0.0012991888993647174,0.0,0,0.0
main_reliable_PRESCRIPTION_O1000_N1_P0.5_B8_T1.0_S0_R5,40,0.006863483904933479,0.0020398009900676408,0.0,0,0.0
main_reliable_PRESCRIPTION_O1000_N1_P0.5_B8_T1.0_S0_R5,50,0.0016858569450526953,0.0004637525006330338,0.0,0,0.0
main_reliable_PRESCRIPTION_O1000_N1_P0.5_B8_T1.0_S0_R5,60,0.0016106550057609081,0.00044251105768647575,3.469446951953614e-18,0,0.0
main_reliable_PRESCRIPTION_O1000_N1_P0.5_B8_T1.0_S0_R5,70,0.0016348810135193154,0.000449348254361179,0.0,0,0.0
main_reliable_PRESCRIPTION_O1000_N1_P0.5_B8_T1.0_S0_R5,80,0.0015448859161810435,0.0004239764971098385,0.0,0,0.0
main_reliable_PRESCRIPTION_O1000_N1_P0.5_B8_T1.0_S0_R5,90,0.003354398412340809,0.0009479427879154277,0.0,0,0.0
main_reliable_PRESCRIPTION_O1000_N1_P0.5_B8_T1.0_S0_R5,100,0.003129359513511877,0.0008812388669461522,0.0,0,0.0
main_reliable_PRESCRIPTION_O1000_N1_P0.5_B8_T1.0_S0_R5,110,0.007621377073535322,0.00228748121524708,0.0,0,0.0
main_reliable_PRESCRIPTION_O1000_N1_P0.5_B8_T1.0_S0_R5,120,0.001609436882076834,0.00044216741415590704,0.0,0,0.0
main_reliable_PRESCRIPTION_O1000_N1_P0.5_B8_T1.0_S0_R5,130,0.006249415643810444,0.0018420680742674382,0.0,0,0.0
main_reliable_PRESCRIPTION_O1000_N1_P0.5_B8_T1.0_S0_R5,140,0.004761461388330453,0.001374392753504846,0.0,0,0.0
main_reliable_PRESCRIPTION_O1000_N1_P0.5_B8_T1.0_S0_R5,150,0.0036255982045141633,0.0010288897298084204,0.0,0,0.0
main_reliable_PRESCRIPTION_O1000_N1_P0.5_B8_T1.0_S0_R5,160,0.004372156066892945,0.0012548179769931612,0.0,0,0.0
main_reliable_PRESCRIPTION_O1000_N1_P0.5_B8_T1.0_S0_R5,170,0.0075780155805137694,0.002273204624818166,0.0,0,0.0
main_reliable_PRESCRIPTION_O1000_N1_P0.5_B8_T1.0_S0_R5,180,0.008292666560342166,0.002510104583267901,0.0,0,0.0
main_reliable_PRESCRIPTION_O1000_N1_P0.5_B8_T1.0_S0_R5,190,0.008641976299617826,0.0026271198811020752,6.938893903907228e-18,0,0.0
main_reliable_PRESCRIPTION_O1000_N2_P0.5_B8_T1.0_S0_R5,0,0.04537671967668617,0.017553134578237685,0.0,1,0.026480917729748324
main_reliable_PRESCRIPTION_O1000_N2_P0.5_B8_T1.0_S0_R5,10,0.004439873462248528,0.0012755317816165795,0.0,0,0.0
main_reliable_PRESCRIPTION_O1000_N2_P0.5_B8_T1.0_S0_R5,20,0.003300589034606144,0.0009319545371824018,0.0,0,0.0
main_reliable_PRESCRIPTION_O1000_N2_P0.5_B8_T1.0_S0_R5,30,0.0045170688920566845,0.0012991888993647174,0.0,0,0.0
main_reliable_PRESCRIPTION_O1000_N2_P0.5_B8_T1.0_S0_R5,40,0.006862024962348563,0.0020393280408348966,0.0,0,0.0
main_reliable_PRESCRIPTION_O1000_N2_P0.5_B8_T1.0_S0_R5,50,0.0016858569450306227,0.0004637525006267928,0.0,0,0.0
main_reliable_PRESCRIPTION_O1000_N2_P0.5_B8_T1.0_S0_R5,60,0.0016106550057609081,0.00044251105768647575,3.469446951953614e-18,0,0.0
main_reliable_PRESCRIPTION_O1000_N2_P0.5_B8_T1.0_S0_R5,70,0.004698667835878183,0.0013550255879733624,0.0,0,0.0
main_reliable_PRESCRIPTION_O1000_N2_P0.5_B8_T1.0_S0_R5,80,0.0015448859179848298,0.00042397649761762154,0.0,0,0.0
main_reliable_PRESCRIPTION_O1000_N2_P0.5_B8_T1.0_S0_R5,90,0.003354398412340809,0.0009479427879154277,0.0,0,0.0
main_reliable_PRESCRIPTION_O1000_N2_P0.5_B8_T1.0_S0_R5,100,0.003129359513511877,0.0008812388669461522,0.0,0,0.0
main_reliable_PRESCRIPTION_O1000_N2_P0.5_B8_T1.0_S0_R5,110,0.007621377073772688,0.002287481215311013,0.0,0,0.0
main_reliable_PRESCRIPTION_O1000_N2_P0.5_B8_T1.0_S0_R5,120,0.001609436882076834,0.00044216741415590704,0.0,0,0.0
main_reliable_PRESCRIPTION_O1000_N2_P0.5_B8_T1.0_S0_R5,130,0.006192654659438718,0.0018239269725098268,0.0,0,0.0
main_reliable_PRESCRIPTION_O1000_N2_P0.5_B8_T1.0_S0_R5,140,0.004761410823135227,0.0013743771455550394,0.0,0,0.0
main_reliable_PRESCRIPTION_O1000_N2_P0.5_B8_T1.0_S0_R5,150,0.0036255982164402,0.0010288897330204758,0.0,0,0.0
main_reliable_PRESCRIPTION_O1000_N2_P0.5_B8_T1.0_S0_R5,160,0.0015474468902369615,0.00042469746817175194,0.0,0,0.0
main_reliable_PRESCRIPTION_O1000_N2_P0.5_B8_T1.0_S0_R5,170,0.007527707332479892,0.0022566567960353692,-6.938893903907228e-18,0,0.0
main_reliable_PRESCRIPTION_O1000_N2_P0.5_B8_T1.0_S0_R5,180,0.008292218178818367,0.0025099548898162905,-6.938893903907228e-18,0,0.0
main_reliable_PRESCRIPTION_O1000_N2_P0.5_B8_T1.0_S0_R5,190,0.008641971017147802,0.002627118105561179,0.0,0,0.0
main_partial_COV_PERIODIC_O1000_N1_P0.5_B8_T1.0_S0_R5,0,0.04537671967668617,0.017553134578237685,0.0,1,0.026480917729748324
main_partial_COV_PERIODIC_O1000_N1_P0.5_B8_T1.0_S0_R5,5,0.0025300131575213478,0.0007056837510666473,0.0,0,0.0
main_partial_COV_PERIODIC_O1000_N1_P0.5_B8_T1.0_S0_R5,10,0.0015940387006035603,0.0004378246233610389,0.0,0,0.0
main_partial_COV_PERIODIC_O1000_N1_P0.5_B8_T1.0_S0_R5,15,0.0016540761776448407,0.00045476943772330985,0.0,0,0.0
main_partial_COV_PERIODIC_O1000_N1_P0.5_B8_T1.0_S0_R5,20,0.0069474002585139735,0.002067029560837998,0.0,0,0.0
main_partial_COV_PERIODIC_O1000_N1_P0.5_B8_T1.0_S0_R5,25,0.004141409030162191,0.0011845112772680946,0.0,0,0.0
main_partial_COV_PERIODIC_O1000_N1_P0.5_B8_T1.0_S0_R5,30,0.005799728985825842,0.0016990005340079713,-6.938893903907228e-18,0,0.0
main_partial_COV_PERIODIC_O1000_N1_P0.5_B8_T1.0_S0_R5,35,0.0016630253801514921,0.0004572989856261688,0.0,0,0.0
main_partial_COV_PERIODIC_O1000_N1_P0.5_B8_T1.0_S0_R5,40,0.007420746652530501,0.002221531610305326,0.0,0,0.0
main_partial_COV_PERIODIC_O1000_N1_P0.5_B8_T1.0_S0_R5,45,0.0016262518866113282,0.0004469122784062747,0.0,0,0.0
main_partial_COV_PERIODIC_O1000_N1_P0.5_B8_T1.0_S0_R5,50,0.0016858567728875798,0.0004637524520465234,0.0,0,0.0
main_partial_COV_PERIODIC_O1000_N1_P0.5_B8_T1.0_S0_R5,55,0.0018795821780199298,0.000518709155783013,0.0,0,0.0
main_partial_COV_PERIODIC_O1000_N1_P0.5_B8_T1.0_S0_R5,60,0.0016106550057609012,0.0004425110576864724,0.0,0,0.0
main_partial_COV_PERIODIC_O1000_N1_P0.5_B8_T1.0_S0_R5,65,0.001687895576424528,0.00046432904956697035,0.0,0,0.0
main_partial_COV_PERIODIC_O1000_N1_P0.5_B8_T1.0_S0_R5,70,0.001635360002594441,0.0004494834914760189,0.0,0,0.0
main_partial_COV_PERIODIC_O1000_N1_P0.5_B8_T1.0_S0_R5,75,0.0032333204067172133,0.000912001204157009,0.0,0,0.0
main_partial_COV_PERIODIC_O1000_N1_P0.5_B8_T1.0_S0_R5,80,0.001544885916178726,0.00042397649710927644,0.0,0,0.0
main_partial_COV_PERIODIC_O1000_N1_P0.5_B8_T1.0_S0_R5,85,0.0016939340118317103,0.00046603701271814293,0.0,0,0.0
main_partial_COV_PERIODIC_O1000_N1_P0.5_B8_T1.0_S0_R5,90,0.00335415212323497,0.0009478764534039757,0.0,0,0.0
main_partial_COV_PERIODIC_O1000_N1_P0.5_B8_T1.0_S0_R5,95,0.0020292183376309225,0.0005613907674640532,0.0,0,0.0
main_partial_COV_PERIODIC_O1000_N1_P0.5_B8_T1.0_S0_R5,100,0.0024148902917368875,0.0006723180682401984,0.0,0,0.0
main_partial_COV_PERIODIC_O1000_N1_P0.5_B8_T1.0_S0_R5,105,0.0021851077006912675,0.0006060724439650839,-3.469446951953614e-18,0,0.0
main_partial_COV_PERIODIC_O1000_N1_P0.5_B8_T1.0_S0_R5,110,0.00326285788837824,0.0009207579923572357,0.0,0,0.0
main_partial_COV_PERIODIC_O1000_N1_P0.5_B8_T1.0_S0_R5,115,0.003042976907925779,0.0008557473127396561,0.0,0,0.0
main_partial_COV_PERIODIC_O1000_N1_P0.5_B8_T1.0_S0_R5,120,0.0015836799449338718,0.0004349043395016446,0.0,0,0.0
main_partial_COV_PERIODIC_O1000_N1_P0.5_B8_T1.0_S0_R5,125,0.0015804416628977802,0.0004339917182040084,0.0,0,0.0
main_partial_COV_PERIODIC_O1000_N1_P0.5_B8_T1.0_S0_R5,130,0.006192431316682262,0.001823867955016419,0.0,0,0.0
main_partial_COV_PERIODIC_O1000_N1_P0.5_B8_T1.0_S0_R5,135,0.003204552252932792,0.0009034795286037019,0.0,0,0.0
main_partial_COV_PERIODIC_O1000_N1_P0.5_B8_T1.0_S0_R5,140,0.007009873789154422,0.0020873322360815544,0.0,0,0.0
main_partial_COV_PERIODIC_O1000_N1_P0.5_B8_T1.0_S0_R5,145,0.005550756720912431,0.001620414924377123,0.0,0,0.0
main_partial_COV_PERIODIC_O1000_N1_P0.5_B8_T1.0_S0_R5,150,0.005696328406210177,0.0016662992119887915,0.0,0,0.0
main_partial_COV_PERIODIC_O1000_N1_P0.5_B8_T1.0_S0_R5,155,0.002911313591178008,0.0008170151089881448,0.0,0,0.0
main_partial_COV_PERIODIC_O1000_N1_P0.5_B8_T1.0_S0_R5,160,0.0015473649656442615,0.0004246744036455207,0.0,0,0.0
main_partial_COV_PERIODIC_O1000_N1_P0.5_B8_T1.0_S0_R5,165,0.007449656977409486,0.002231017797964623,0.0,0,0.0
main_partial_COV_PERIODIC_O1000_N1_P0.5_B8_T1.0_S0_R5,170,0.003226976751225012,0.0009101214955002249,0.0,0,0.0
main_partial_COV_PERIODIC_O1000_N1_P0.5_B8_T1.0_S0_R5,175,0.003127815924553898,0.0008807827999100112,0.0,0,0.0
main_partial_COV_PERIODIC_O1000_N1_P0.5_B8_T1.0_S0_R5,180,0.003249167920566176,0.000916698505896521,0.0,0,0.0
main_partial_COV_PERIODIC_O1000_N1_P0.5_B8_T1.0_S0_R5,185,0.00298775718953289,0.0008394850492937486,0.0,0,0.0
main_partial_COV_PERIODIC_O1000_N1_P0.5_B8_T1.0_S0_R5,190,0.003269045745637786,0.0009225933926421788,0.0,0,0.0
main_partial_COV_PERIODIC_O1000_N1_P0.5_B8_T1.0_S0_R5,195,0.005271535432826914,0.0015328450778630477,0.0,0,0.0
main_partial_COV_PERIODIC_O1000_N2_P0.5_B8_T1.0_S0_R5,0,0.04537671967668617,0.017553134578237685,0.0,1,0.026480917729748324
main_partial_COV_PERIODIC_O1000_N2_P0.5_B8_T1.0_S0_R5,5,0.0020498897157192122,0.0005673026377425273,0.0,0,0.0
main_partial_COV_PERIODIC_O1000_N2_P0.5_B8_T1.0_S0_R5,10,0.0015939924624248855,0.00043781158595789774,0.0,0,0.0
main_partial_COV_PERIODIC_O1000_N2_P0.5_B8_T1.0_S0_R5,15,0.001650961002787582,0.00045389263837972176,0.0,0,0.0
main_partial_COV_PERIODIC_O1000_N2_P0.5_B8_T1.0_S0_R5,20,0.002535053880079935,0.0007071488042365257,3.469446951953614e-18,0,0.0
main_partial_COV_PERIODIC_O1000_N2_P0.5_B8_T1.0_S0_R5,25,0.003156243854039828,0.0008891870502880023,0.0,0,0.0
main_partial_COV_PERIODIC_O1000_N2_P0.5_B8_T1.0_S0_R5,30,0.005338250139292636,0.0015537201350722665,0.0,0,0.0
main_partial_COV_PERIODIC_O1000_N2_P0.5_B8_T1.0_S0_R5,35,0.0016630648739402315,0.00045730922006627,0.0,0,0.0
main_partial_COV_PERIODIC_O1000_N2_P0.5_B8_T1.0_S0_R5,40,0.006861978134548689,0.002039316694648172,0.0,0,0.0
main_partial_COV_PERIODIC_O1000_N2_P0.5_B8_T1.0_S0_R5,45,0.001627243827799954,0.00044719229423631506,0.0,0,0.0
main_partial_COV_PERIODIC_O1000_N2_P0.5_B8_T1.0_S0_R5,50,0.0016858568491104828,0.00046375247350034115,0.0,0,0.0
main_partial_COV_PERIODIC_O1000_N2_P0.5_B8_T1.0_S0_R5,55,0.0018795821802092896,0.0005187091563735182,-3.469446951953614e-18,0,0.0
main_partial_COV_PERIODIC_O1000_N2_P0.5_B8_T1.0_S0_R5,60,0.001611182319697535,0.0004426598218592219,0.0,0,0.0
main_partial_COV_PERIODIC_O1000_N2_P0.5_B8_T1.0_S0_R5,65,0.0016873718344371444,0.0004641809255504457,0.0,0,0.0
main_partial_COV_PERIODIC_O1000_N2_P0.5_B8_T1.0_S0_R5,70,0.0016353522837773,0.00044948141132069165,0.0,0,0.0
main_partial_COV_PERIODIC_O1000_N2_P0.5_B8_T1.0_S0_R5,75,0.0025763463868755387,0.0007191501588279627,-3.469446951953614e-18,0,0.0
main_partial_COV_PERIODIC_O1000_N2_P0.5_B8_T1.0_S0_R5,80,0.004243360517354432,0.0012155301606908097,0.0,0,0.0
main_partial_COV_PERIODIC_O1000_N2_P0.5_B8_T1.0_S0_R5,85,0.0016944871391180796,0.00046619348074967206,0.0,0,0.0
main_partial_COV_PERIODIC_O1000_N2_P0.5_B8_T1.0_S0_R5,90,0.003354398635672294,0.0009479428543850646,0.0,0,0.0
main_partial_COV_PERIODIC_O1000_N2_P0.5_B8_T1.0_S0_R5,95,0.0018335923811291302,0.0005056317938483637,0.0,0,0.0
main_partial_COV_PERIODIC_O1000_N2_P0.5_B8_T1.0_S0_R5,100,0.0031292936858455106,0.0008812194171685709,0.0,0,0.0
main_partial_COV_PERIODIC_O1000_N2_P0.5_B8_T1.0_S0_R5,105,0.002675435413898683,0.0007480002194901114,0.0,0,0.0
main_partial_COV_PERIODIC_O1000_N2_P0.5_B8_T1.0_S0_R5,110,0.0032677950872311012,0.0009222224049331573,0.0,0,0.0
main_partial_COV_PERIODIC_O1000_N2_P0.5_B8_T1.0_S0_R5,115,0.0030429979592820414,0.0008557535173166025,0.0,0,0.0
main_partial_COV_PERIODIC_O1000_N2_P0.5_B8_T1.0_S0_R5,120,0.0015836100370685835,0.00043488551114230544,0.0,0,0.0
main_partial_COV_PERIODIC_O1000_N2_P0.5_B8_T1.0_S0_R5,125,0.0015797429638815322,0.00043379777867597904,0.0,0,0.0
main_partial_COV_PERIODIC_O1000_N2_P0.5_B8_T1.0_S0_R5,130,0.0030472725682344423,0.0008570134732674365,0.0,0,0.0
main_partial_COV_PERIODIC_O1000_N2_P0.5_B8_T1.0_S0_R5,135,0.0033481545344132,0.0009460863196772381,0.0,0,0.0
main_partial_COV_PERIODIC_O1000_N2_P0.5_B8_T1.0_S0_R5,140,0.002821935885939021,0.0007908065370124197,0.0,0,0.0
main_partial_COV_PERIODIC_O1000_N2_P0.5_B8_T1.0_S0_R5,145,0.00556267204086576,0.0016241649754207494,0.0,0,0.0
main_partial_COV_PERIODIC_O1000_N2_P0.5_B8_T1.0_S0_R5,150,0.005696258412491571,0.001666280360399077,0.0,0,0.0
main_partial_COV_PERIODIC_O1000_N2_P0.5_B8_T1.0_S0_R5,155,0.0029113135256545256,0.0008170150913406229,0.0,0,0.0
main_partial_COV_PERIODIC_O1000_N2_P0.5_B8_T1.0_S0_R5,160,0.00154862063004034,0.00042502877600906553,0.0,0,0.0
main_partial_COV_PERIODIC_O1000_N2_P0.5_B8_T1.0_S0_R5,165,0.007450014542427205,0.002231135161546647,0.0,0,0.0
main_partial_COV_PERIODIC_O1000_N2_P0.5_B8_T1.0_S0_R5,170,0.005823755080182999,0.0017065963510284198,6.938893903907228e-18,0,0.0
main_partial_COV_PERIODIC_O1000_N2_P0.5_B8_T1.0_S0_R5,175,0.003146289350981185,0.0008862487204287964,0.0,0,0.0
main_partial_COV_PERIODIC_O1000_N2_P0.5_B8_T1.0_S0_R5,180,0.003249016888529202,0.0009166604026349617,0.0,0,0.0
main_partial_COV_PERIODIC_O1000_N2_P0.5_B8_T1.0_S0_R5,185,0.0029711799694719654,0.0008346080944486681,0.0,0,0.0
main_partial_COV_PERIODIC_O1000_N2_P0.5_B8_T1.0_S0_R5,190,0.003287020790238765,0.000927926846985249,0.0,0,0.0
main_partial_COV_PERIODIC_O1000_N2_P0.5_B8_T1.0_S0_R5,195,0.0052728637799311015,0.0015332570624412836,0.0,0,0.0
main_partial_COV_EVENT_O1000_N1_P0.5_B8_T1.0_S0_R5,0,0.04537671967668617,0.017553134578237685,0.0,1,0.026480917729748324
main_partial_COV_EVENT_O1000_N1_P0.5_B8_T1.0_S0_R5,5,0.003291784688687585,0.0009293408173408703,0.0,0,0.0
main_partial_COV_EVENT_O1000_N1_P0.5_B8_T1.0_S0_R5,15,0.0016842059594954426,0.0004632856103003387,0.0,0,0.0
main_partial_COV_EVENT_O1000_N1_P0.5_B8_T1.0_S0_R5,55,0.0018795123222083363,0.0005186903413347274,0.0,0,0.0
main_partial_COV_EVENT_O1000_N1_P0.5_B8_T1.0_S0_R5,60,0.0016106550057587016,0.00044251105768588274,0.0,0,0.0
main_partial_COV_EVENT_O1000_N1_P0.5_B8_T1.0_S0_R5,65,0.001687371797445207,0.0004641809150885227,0.0,0,0.0
main_partial_COV_EVENT_O1000_N1_P0.5_B8_T1.0_S0_R5,70,0.0016348810135193154,0.000449348254361179,0.0,0,0.0
main_partial_COV_EVENT_O1000_N1_P0.5_B8_T1.0_S0_R5,75,0.003233078183624026,0.0009119359595427723,0.0,0,0.0
main_partial_COV_EVENT_O1000_N1_P0.5_B8_T1.0_S0_R5,90,0.003354390788309722,0.000947940734524329,0.0,0,0.0
main_partial_COV_EVENT_O1000_N1_P0.5_B8_T1.0_S0_R5,95,0.002029226258018761,0.0005613929006733093,3.469446951953614e-18,0,0.0
main_partial_COV_EVENT_O1000_N1_P0.5_B8_T1.0_S0_R5,100,0.003129359513511877,0.0008812388669461522,0.0,0,0.0
main_partial_COV_EVENT_O1000_N1_P0.5_B8_T1.0_S0_R5,120,0.0016014095674047116,0.0004399031775183906,3.469446951953614e-18,0,0.0
main_partial_COV_EVENT_O1000_N2_P0.5_B8_T1.0_S0_R5,0,0.04537671967668617,0.017553134578237685,0.0,1,0.026480917729748324
main_partial_COV_EVENT_O1000_N2_P0.5_B8_T1.0_S0_R5,35,0.001665676886326295,0.00045804738995052104,0.0,0,0.0
main_partial_COV_EVENT_O1000_N2_P0.5_B8_T1.0_S0_R5,45,0.0016562232492011997,0.00045537602918972476,0.0,0,0.0
main_partial_COV_EVENT_O1000_N2_P0.5_B8_T1.0_S0_R5,50,0.0017121442923988262,0.0004711931506815608,0.0,0,0.0
main_partial_COV_EVENT_O1000_N2_P0.5_B8_T1.0_S0_R5,55,0.0018862029129087104,0.0005205934782664607,0.0,0,0.0
main_partial_COV_EVENT_O1000_N2_P0.5_B8_T1.0_S0_R5,60,0.0016106553056693187,0.0004425111431856217,0.0,0,0.0
main_partial_COV_EVENT_O1000_N2_P0.5_B8_T1.0_S0_R5,65,0.0016873717897104498,0.00046418091300566284,0.0,0,0.0
main_partial_COV_EVENT_O1000_N2_P0.5_B8_T1.0_S0_R5,70,0.0016343931090021108,0.0004492168441494521,0.0,0,0.0
main_partial_COV_EVENT_O1000_N2_P0.5_B8_T1.0_S0_R5,90,0.003354871991231592,0.000948083608627179,0.0,0,0.0
main_partial_COV_EVENT_O1000_N2_P0.5_B8_T1.0_S0_R5,95,0.0018335931916902623,0.0005056320241657026,0.0,0,0.0
main_partial_COV_EVENT_O1000_N2_P0.5_B8_T1.0_S0_R5,100,0.0031292936861340367,0.0008812194172538163,0.0,0,0.0
main_partial_COV_EVENT_O1000_N2_P0.5_B8_T1.0_S0_R5,140,0.003971026641723337,0.0011328665350429628,0.0,0,0.0
main_partial_COV_EVENT_O1000_N2_P0.5_B8_T1.0_S0_R5,160,0.004374598082798921,0.0012555643254207696,0.0,0,0.0
main_partial_COV_EVENT_O1000_N2_P0.5_B8_T1.0_S0_R5,165,0.0074922934062226845,0.002245018449701503,0.0,0,0.0
main_partial_COV_EVENT_O1000_N2_P0.5_B8_T1.0_S0_R5,170,0.0035290629582682836,0.001000013684393724,0.0,0,0.0
main_partial_COV_EVENT_O1000_N2_P0.5_B8_T1.0_S0_R5,175,0.006258609252748883,0.0018450086015556278,0.0,0,0.0
main_partial_COV_EVENT_O1000_N2_P0.5_B8_T1.0_S0_R5,180,0.005230533866497862,0.001520039465391591,6.938893903907228e-18,0,0.0
main_partial_COV_EVENT_O1000_N2_P0.5_B8_T1.0_S0_R5,185,0.0030684634524484056,0.000863263645484961,0.0,0,0.0
main_partial_COV_EVENT_O1000_N2_P0.5_B8_T1.0_S0_R5,190,0.0032694888533700006,0.0009227248367784122,0.0,0,0.0
main_partial_GRANT_O1000_N1_P0.2_B4_T0.4_S0_R5,0,0.04537671967668617,0.017553134578237685,0.0,1,0.026480917729748324
main_partial_GRANT_O1000_N1_P0.2_B4_T0.4_S0_R5,10,0.004556439446124862,0.0013112723428670334,0.0,0,0.0
main_partial_GRANT_O1000_N1_P0.2_B4_T0.4_S0_R5,20,0.002545379078870813,0.0007101459526663986,0.0,0,0.0
main_partial_GRANT_O1000_N1_P0.2_B4_T0.4_S0_R5,30,0.00579997503838009,0.0016990668048086704,0.0,0,0.0
main_partial_GRANT_O1000_N1_P0.2_B4_T0.4_S0_R5,40,0.006045661216875151,0.0017770556742274478,0.0,0,0.0
main_partial_GRANT_O1000_N1_P0.2_B4_T0.4_S0_R5,50,0.006173119939623717,0.001817701055716422,0.0,0,0.0
main_partial_GRANT_O1000_N1_P0.2_B4_T0.4_S0_R5,60,0.00477830130786213,0.0013795918322483062,-6.938893903907228e-18,0,0.0
main_partial_GRANT_O1000_N1_P0.2_B4_T0.4_S0_R5,70,0.0016412897607700067,0.00045115786528911075,-3.469446951953614e-18,0,0.0
main_partial_GRANT_O1000_N1_P0.2_B4_T0.4_S0_R5,80,0.0015448629499196648,0.000423970031870314,0.0,0,0.0
main_partial_GRANT_O1000_N1_P0.2_B4_T0.4_S0_R5,90,0.002579149614109842,0.0007199600022676922,0.0,0,0.0
main_partial_GRANT_O1000_N1_P0.2_B4_T0.4_S0_R5,100,0.0045986206613232855,0.0013242319113573005,0.0,0,0.0
main_partial_GRANT_O1000_N1_P0.2_B4_T0.4_S0_R5,110,0.0032483718678419024,0.0009164625006899198,0.0,0,0.0
main_partial_GRANT_O1000_N1_P0.2_B4_T0.4_S0_R5,120,0.0064328124474351545,0.0019008412815399104,6.938893903907228e-18,0,0.0
main_partial_GRANT_O1000_N1_P0.2_B4_T0.4_S0_R5,130,0.005519582974685716,0.0016106059846823378,0.0,0,0.0
main_partial_GRANT_O1000_N1_P0.2_B4_T0.4_S0_R5,140,0.0028160345945602433,0.0007890784848179145,0.0,0,0.0
main_partial_GRANT_O1000_N1_P0.2_B4_T0.4_S0_R5,150,0.0036255981317455666,0.001028889710209562,-6.938893903907228e-18,0,0.0
main_partial_GRANT_O1000_N1_P0.2_B4_T0.4_S0_R5,160,0.0015473631938906496,0.0004246739048380143,0.0,0,0.0
main_partial_GRANT_O1000_N1_P0.2_B4_T0.4_S0_R5,170,0.005874350972832051,0.0017226294109706113,0.0,0,0.0
main_partial_GRANT_O1000_N1_P0.2_B4_T0.4_S0_R5,180,0.007319696703319091,0.002188418898410276,0.0,0,0.0
main_partial_GRANT_O1000_N1_P0.2_B4_T0.4_S0_R5,190,0.003268974182989458,0.000922572164381367,0.0,0,0.0
main_partial_GRANT_O1000_N2_P0.2_B4_T0.4_S0_R5,0,0.04537671967668617,0.017553134578237685,0.0,1,0.026480917729748324
main_partial_GRANT_O1000_N2_P0.2_B4_T0.4_S0_R5,10,0.0015940314633385438,0.00043782258583616434,0.0,0,0.0
main_partial_GRANT_O1000_N2_P0.2_B4_T0.4_S0_R5,20,0.002545306250659733,0.0007101247988004182,3.469446951953614e-18,0,0.0
main_partial_GRANT_O1000_N2_P0.2_B4_T0.4_S0_R5,30,0.0018345122284950388,0.0005058931682979252,0.0,0,0.0
main_partial_GRANT_O1000_N2_P0.2_B4_T0.4_S0_R5,40,0.0032073466827201094,0.0009043069873352629,0.0,0,0.0
main_partial_GRANT_O1000_N2_P0.2_B4_T0.4_S0_R5,50,0.005060943106965914,0.0014671802167755994,-6.938893903907228e-18,0,0.0
main_partial_GRANT_O1000_N2_P0.2_B4_T0.4_S0_R5,60,0.0016104077664872152,0.0004424444006975269,0.0,0,0.0
main_partial_GRANT_O1000_N2_P0.2_B4_T0.4_S0_R5,70,0.0047058093314842064,0.001357236232263475,0.0,0,0.0
main_partial_GRANT_O1000_N2_P0.2_B4_T0.4_S0_R5,80,0.0015454705788405174,0.0004241410873179349,0.0,0,0.0
main_partial_GRANT_O1000_N2_P0.2_B4_T0.4_S0_R5,90,0.0025794007032111654,0.0007200330031589662,0.0,0,0.0
main_partial_GRANT_O1000_N2_P0.2_B4_T0.4_S0_R5,100,0.004587438120410743,0.0013207948797702516,0.0,0,0.0
main_partial_GRANT_O1000_N2_P0.2_B4_T0.4_S0_R5,110,0.0059287618107872475,0.0017398928709973327,0.0,0,0.0
main_partial_GRANT_O1000_N2_P0.2_B4_T0.4_S0_R5,120,0.005432080785264082,0.0015831194903240834,0.0,0,0.0
main_partial_GRANT_O1000_N2_P0.2_B4_T0.4_S0_R5,130,0.0030472943871880653,0.000857019904683303,0.0,0,0.0
main_partial_GRANT_O1000_N2_P0.2_B4_T0.4_S0_R5,140,0.006512723710964431,0.0019265387432338059,0.0,0,0.0
main_partial_GRANT_O1000_N2_P0.2_B4_T0.4_S0_R5,150,0.003624999844743515,0.001028712584291977,0.0,0,0.0
main_partial_GRANT_O1000_N2_P0.2_B4_T0.4_S0_R5,160,0.001547446821811689,0.00042469744973623824,0.0,0,0.0
main_partial_GRANT_O1000_N2_P0.2_B4_T0.4_S0_R5,170,0.005874350984938603,0.0017226294148093334,0.0,0,0.0
main_partial_GRANT_O1000_N2_P0.2_B4_T0.4_S0_R5,180,0.005972617528681015,0.0017538230000845659,0.0,0,0.0
main_partial_GRANT_O1000_N2_P0.2_B4_T0.4_S0_R5,190,0.006380872392540246,0.001884175130953531,0.0,0,0.0
main_partial_GOQ_O1000_N1_P0.5_B8_T1.0_S0_R5,0,0.04537671967668617,0.017553134578237685,0.0,1,0.026480917729748324
main_partial_GOQ_O1000_N1_P0.5_B8_T1.0_S0_R5,5,0.0025300131575213478,0.0007056837510666473,0.0,0,0.0
main_partial_GOQ_O1000_N1_P0.5_B8_T1.0_S0_R5,10,0.0015940387006035603,0.0004378246233610389,0.0,0,0.0
main_partial_GOQ_O1000_N1_P0.5_B8_T1.0_S0_R5,15,0.0016523237041042166,0.0004542743536962756,0.0,0,0.0
main_partial_GOQ_O1000_N1_P0.5_B8_T1.0_S0_R5,20,0.006946926813314019,0.0020668795566521785,0.0,0,0.0
main_partial_GOQ_O1000_N1_P0.5_B8_T1.0_S0_R5,25,0.0041414085555794705,0.0011845111330985696,0.0,0,0.0
main_partial_GOQ_O1000_N1_P0.5_B8_T1.0_S0_R5,30,0.004516822850464536,0.0012991226315164526,0.0,0,0.0
main_partial_GOQ_O1000_N1_P0.5_B8_T1.0_S0_R5,35,0.0016620668425272045,0.0004570281123350895,0.0,0,0.0
main_partial_GOQ_O1000_N1_P0.5_B8_T1.0_S0_R5,40,0.003239078623772769,0.0009137077337980592,0.0,0,0.0
main_partial_GOQ_O1000_N1_P0.5_B8_T1.0_S0_R5,45,0.0016248741428857502,0.00044652340872726297,3.469446951953614e-18,0,0.0
main_partial_GOQ_O1000_N1_P0.5_B8_T1.0_S0_R5,50,0.0016858566852797838,0.0004637524271686177,0.0,0,0.0
main_partial_GOQ_O1000_N1_P0.5_B8_T1.0_S0_R5,55,0.0017618608675470451,0.00048527292670284995,0.0,0,0.0
main_partial_GOQ_O1000_N1_P0.5_B8_T1.0_S0_R5,60,0.001610406163774343,0.0004424439485491017,0.0,0,0.0
main_partial_GOQ_O1000_N1_P0.5_B8_T1.0_S0_R5,65,0.00168789550732229,0.0004643290309361931,0.0,0,0.0
main_partial_GOQ_O1000_N1_P0.5_B8_T1.0_S0_R5,70,0.0016353522041999136,0.0004494813911233397,0.0,0,0.0
main_partial_GOQ_O1000_N1_P0.5_B8_T1.0_S0_R5,75,0.0024958867943391735,0.0006957811078715497,0.0,0,0.0
main_partial_GOQ_O1000_N1_P0.5_B8_T1.0_S0_R5,80,0.0015446169042133279,0.00042390376291342335,0.0,0,0.0
main_partial_GOQ_O1000_N1_P0.5_B8_T1.0_S0_R5,85,0.005022730801704636,0.0014553127965897293,0.0,0,0.0
main_partial_GOQ_O1000_N1_P0.5_B8_T1.0_S0_R5,90,0.0026017002525896837,0.0007265189479854218,0.0,0,0.0
main_partial_GOQ_O1000_N1_P0.5_B8_T1.0_S0_R5,95,0.001828627474269165,0.0005042211492662671,0.0,0,0.0
main_partial_GOQ_O1000_N1_P0.5_B8_T1.0_S0_R5,100,0.0024148543437930783,0.0006723076676677054,0.0,0,0.0
main_partial_GOQ_O1000_N1_P0.5_B8_T1.0_S0_R5,105,0.00267543516218606,0.0007480001516941705,0.0,0,0.0
main_partial_GOQ_O1000_N1_P0.5_B8_T1.0_S0_R5,110,0.006025479477367854,0.001770632665207484,0.0,0,0.0
main_partial_GOQ_O1000_N1_P0.5_B8_T1.0_S0_R5,115,0.0030619386442393287,0.0008613375259182406,0.0,0,0.0
main_partial_GOQ_O1000_N1_P0.5_B8_T1.0_S0_R5,120,0.00160445430747478,0.0004407628199550086,0.0,0,0.0
main_partial_GOQ_O1000_N1_P0.5_B8_T1.0_S0_R5,125,0.0015797442396839334,0.00043379813867839466,0.0,0,0.0
main_partial_GOQ_O1000_N1_P0.5_B8_T1.0_S0_R5,130,0.003078638169268913,0.0008662633247528902,0.0,0,0.0
main_partial_GOQ_O1000_N1_P0.5_B8_T1.0_S0_R5,135,0.0031682735789204802,0.0008927430070995049,0.0,0,0.0
main_partial_GOQ_O1000_N1_P0.5_B8_T1.0_S0_R5,140,0.0028215043598220774,0.0007906801647337108,0.0,0,0.0
main_partial_GOQ_O1000_N1_P0.5_B8_T1.0_S0_R5,145,0.005562672063920873,0.0016241649816468053,0.0,0,0.0
main_partial_GOQ_O1000_N1_P0.5_B8_T1.0_S0_R5,150,0.003015578110709863,0.0008476751546806182,0.0,0,0.0
main_partial_GOQ_O1000_N1_P0.5_B8_T1.0_S0_R5,155,0.0028828123193668856,0.0008086501605812251,0.0,0,0.0
main_partial_GOQ_O1000_N1_P0.5_B8_T1.0_S0_R5,160,0.0015473608760700544,0.0004246732785570405,0.0,0,0.0
main_partial_GOQ_O1000_N1_P0.5_B8_T1.0_S0_R5,165,0.003279286496228759,0.0009256316394805083,0.0,0,0.0
main_partial_GOQ_O1000_N1_P0.5_B8_T1.0_S0_R5,170,0.003189646455480484,0.0008990668811959244,0.0,0,0.0
main_partial_GOQ_O1000_N1_P0.5_B8_T1.0_S0_R5,175,0.0031730387102908084,0.0008941525964596295,0.0,0,0.0
main_partial_GOQ_O1000_N1_P0.5_B8_T1.0_S0_R5,180,0.003249396266743379,0.0009167662045117692,6.938893903907228e-18,0,0.0
main_partial_GOQ_O1000_N1_P0.5_B8_T1.0_S0_R5,185,0.002971180568242124,0.0008346082705579656,0.0,0,0.0
main_partial_GOQ_O1000_N1_P0.5_B8_T1.0_S0_R5,190,0.003268953443617738,0.0009225660122856605,0.0,0,0.0
main_partial_GOQ_O1000_N1_P0.5_B8_T1.0_S0_R5,195,0.005233934873801679,0.001521093971780911,0.0,0,0.0
main_partial_GOQ_O1000_N2_P0.5_B8_T1.0_S0_R5,0,0.04537671967668617,0.017553134578237685,0.0,1,0.026480917729748324
main_partial_GOQ_O1000_N2_P0.5_B8_T1.0_S0_R5,5,0.002534565564923867,0.0007070055375356464,0.0,0,0.0
main_partial_GOQ_O1000_N2_P0.5_B8_T1.0_S0_R5,10,0.0015940390965336337,0.00043782473499830626,0.0,0,0.0
main_partial_GOQ_O1000_N2_P0.5_B8_T1.0_S0_R5,15,0.0016509532460554643,0.00045389054933595355,0.0,0,0.0
main_partial_GOQ_O1000_N2_P0.5_B8_T1.0_S0_R5,20,0.0025350538723236393,0.0007071488021476079,0.0,0,0.0
main_partial_GOQ_O1000_N2_P0.5_B8_T1.0_S0_R5,25,0.004140917156586675,0.0011843618396084295,0.0,0,0.0
main_partial_GOQ_O1000_N2_P0.5_B8_T1.0_S0_R5,30,0.001567104590636345,0.00043023365019562333,0.0,0,0.0
main_partial_GOQ_O1000_N2_P0.5_B8_T1.0_S0_R5,35,0.0016620557377251127,0.00045702497427477354,0.0,0,0.0
main_partial_GOQ_O1000_N2_P0.5_B8_T1.0_S0_R5,40,0.0032072498728261886,0.0009042783198012403,0.0,0,0.0
main_partial_GOQ_O1000_N2_P0.5_B8_T1.0_S0_R5,45,0.001625485335469655,0.00044669591635885066,0.0,0,0.0
main_partial_GOQ_O1000_N2_P0.5_B8_T1.0_S0_R5,50,0.0016858567275207723,0.00046375243911447053,0.0,0,0.0
main_partial_GOQ_O1000_N2_P0.5_B8_T1.0_S0_R5,55,0.0017618608675615197,0.0004852729267069565,0.0,0,0.0
main_partial_GOQ_O1000_N2_P0.5_B8_T1.0_S0_R5,60,0.001610648192683306,0.0004425091356188318,0.0,0,0.0
main_partial_GOQ_O1000_N2_P0.5_B8_T1.0_S0_R5,65,0.0016878955749875732,0.0004643290491605699,0.0,0,0.0
main_partial_GOQ_O1000_N2_P0.5_B8_T1.0_S0_R5,70,0.0016353600025941703,0.00044948349147594423,-3.469446951953614e-18,0,0.0
main_partial_GOQ_O1000_N2_P0.5_B8_T1.0_S0_R5,75,0.0024958944203310462,0.0006957831617907475,0.0,0,0.0
main_partial_GOQ_O1000_N2_P0.5_B8_T1.0_S0_R5,80,0.0015448629498734795,0.0004239700318573124,0.0,0,0.0
main_partial_GOQ_O1000_N2_P0.5_B8_T1.0_S0_R5,85,0.0016939340023646235,0.00046603701014524774,0.0,0,0.0
main_partial_GOQ_O1000_N2_P0.5_B8_T1.0_S0_R5,90,0.002580890431876856,0.000720466164281065,0.0,0,0.0
main_partial_GOQ_O1000_N2_P0.5_B8_T1.0_S0_R5,95,0.0018396435711722989,0.000507351378403114,0.0,0,0.0
main_partial_GOQ_O1000_N2_P0.5_B8_T1.0_S0_R5,100,0.002416579543258579,0.0006728068205885902,0.0,0,0.0
main_partial_GOQ_O1000_N2_P0.5_B8_T1.0_S0_R5,105,0.002655270858554666,0.0007421164334790331,0.0,0,0.0
main_partial_GOQ_O1000_N2_P0.5_B8_T1.0_S0_R5,110,0.0033290453001370846,0.000940406664701713,0.0,0,0.0
main_partial_GOQ_O1000_N2_P0.5_B8_T1.0_S0_R5,115,0.005600303811330511,0.001636015599671028,0.0,0,0.0
main_partial_GOQ_O1000_N2_P0.5_B8_T1.0_S0_R5,120,0.007322666696709057,0.0021893911249030724,0.0,0,0.0
main_partial_GOQ_O1000_N2_P0.5_B8_T1.0_S0_R5,125,0.0031763939160371762,0.0008951454289234987,0.0,0,0.0
main_partial_GOQ_O1000_N2_P0.5_B8_T1.0_S0_R5,130,0.003089753371361595,0.0008695432429555771,0.0,0,0.0
main_partial_GOQ_O1000_N2_P0.5_B8_T1.0_S0_R5,135,0.0031683302062790394,0.0008927597571024285,0.0,0,0.0
main_partial_GOQ_O1000_N2_P0.5_B8_T1.0_S0_R5,140,0.0028215044988985777,0.0007906802054619469,0.0,0,0.0
main_partial_GOQ_O1000_N2_P0.5_B8_T1.0_S0_R5,145,0.005251875988144583,0.0015267011470183694,0.0,0,0.0
main_partial_GOQ_O1000_N2_P0.5_B8_T1.0_S0_R5,150,0.004859191595309308,0.0014046088132920768,0.0,0,0.0
main_partial_GOQ_O1000_N2_P0.5_B8_T1.0_S0_R5,155,0.002888880748933967,0.0008104365444526583,0.0,0,0.0
main_partial_GOQ_O1000_N2_P0.5_B8_T1.0_S0_R5,160,0.0015471174136719931,0.0004246077106258535,0.0,0,0.0
main_partial_GOQ_O1000_N2_P0.5_B8_T1.0_S0_R5,165,0.003248778433815401,0.0009165830345683908,0.0,0,0.0
main_partial_GOQ_O1000_N2_P0.5_B8_T1.0_S0_R5,170,0.004653373733421326,0.0013410747655017113,0.0,0,0.0
main_partial_GOQ_O1000_N2_P0.5_B8_T1.0_S0_R5,175,0.0031520507927611657,0.0008879455246017657,0.0,0,0.0
main_partial_GOQ_O1000_N2_P0.5_B8_T1.0_S0_R5,180,0.0032492906611359396,0.0009167348954457955,0.0,0,0.0
main_partial_GOQ_O1000_N2_P0.5_B8_T1.0_S0_R5,185,0.002971180102193091,0.0008346081332928446,0.0,0,0.0
main_partial_GOQ_O1000_N2_P0.5_B8_T1.0_S0_R5,190,0.003287020783726481,0.0009279268452621382,0.0,0,0.0
main_partial_GOQ_O1000_N2_P0.5_B8_T1.0_S0_R5,195,0.0052339348738479965,0.0015210939717933863,6.938893903907228e-18,0,0.0
main_partial_PRESCRIPTION_O1000_N1_P0.5_B8_T1.0_S0_R5,0,0.04537671967668617,0.017553134578237685,0.0,1,0.026480917729748324
main_partial_PRESCRIPTION_O1000_N1_P0.5_B8_T1.0_S0_R5,10,0.004567055251180584,0.0013145325826229856,0.0,0,0.0
main_partial_PRESCRIPTION_O1000_N1_P0.5_B8_T1.0_S0_R5,20,0.003300085592062754,0.00093180505783332,0.0,0,0.0
main_partial_PRESCRIPTION_O1000_N1_P0.5_B8_T1.0_S0_R5,30,0.004516822850864119,0.001299122631624078,0.0,0,0.0
main_partial_PRESCRIPTION_O1000_N1_P0.5_B8_T1.0_S0_R5,40,0.00781697129588544,0.00235204156888128,0.0,0,0.0
main_partial_PRESCRIPTION_O1000_N1_P0.5_B8_T1.0_S0_R5,50,0.0016858569586242766,0.0004637525044711136,0.0,0,0.0
main_partial_PRESCRIPTION_O1000_N1_P0.5_B8_T1.0_S0_R5,60,0.0047790313784691965,0.0013798200463650465,0.0,0,0.0
main_partial_PRESCRIPTION_O1000_N1_P0.5_B8_T1.0_S0_R5,70,0.0016383440058993712,0.0004503260422436373,0.0,0,0.0
main_partial_PRESCRIPTION_O1000_N1_P0.5_B8_T1.0_S0_R5,80,0.001544885916218798,0.0004239764971204668,0.0,0,0.0
main_partial_PRESCRIPTION_O1000_N1_P0.5_B8_T1.0_S0_R5,90,0.003354398412340809,0.0009479427879154277,0.0,0,0.0
main_partial_PRESCRIPTION_O1000_N1_P0.5_B8_T1.0_S0_R5,100,0.004602616735875746,0.0013254603700226936,-6.938893903907228e-18,0,0.0
main_partial_PRESCRIPTION_O1000_N1_P0.5_B8_T1.0_S0_R5,110,0.007621377073772695,0.002287481215311014,0.0,0,0.0
main_partial_PRESCRIPTION_O1000_N1_P0.5_B8_T1.0_S0_R5,120,0.0016094368820767785,0.0004421674141558882,0.0,0,0.0
main_partial_PRESCRIPTION_O1000_N1_P0.5_B8_T1.0_S0_R5,130,0.006192654651851759,0.001823926970466419,0.0,0,0.0
main_partial_PRESCRIPTION_O1000_N1_P0.5_B8_T1.0_S0_R5,140,0.004761410823134984,0.0013743771455549754,0.0,0,0.0
main_partial_PRESCRIPTION_O1000_N1_P0.5_B8_T1.0_S0_R5,150,0.005696328406268651,0.0016662992120045407,0.0,0,0.0
main_partial_PRESCRIPTION_O1000_N1_P0.5_B8_T1.0_S0_R5,160,0.001549352816880463,0.00042523406800618003,0.0,0,0.0
main_partial_PRESCRIPTION_O1000_N1_P0.5_B8_T1.0_S0_R5,170,0.007527717951817725,0.0022566602872300234,0.0,0,0.0
main_partial_PRESCRIPTION_O1000_N1_P0.5_B8_T1.0_S0_R5,180,0.008292218273699518,0.0025099549214925004,6.938893903907228e-18,0,0.0
main_partial_PRESCRIPTION_O1000_N1_P0.5_B8_T1.0_S0_R5,190,0.008641971018265644,0.002627118105936909,-6.938893903907228e-18,0,0.0
main_partial_PRESCRIPTION_O1000_N2_P0.5_B8_T1.0_S0_R5,0,0.04537671967668617,0.017553134578237685,0.0,1,0.026480917729748324
main_partial_PRESCRIPTION_O1000_N2_P0.5_B8_T1.0_S0_R5,10,0.001590521233573769,0.0004368328878178559,0.0,0,0.0
main_partial_PRESCRIPTION_O1000_N2_P0.5_B8_T1.0_S0_R5,20,0.003322798620538546,0.0009385506846850274,0.0,0,0.0
main_partial_PRESCRIPTION_O1000_N2_P0.5_B8_T1.0_S0_R5,30,0.0045170688920566845,0.0012991888993647172,0.0,0,0.0
main_partial_PRESCRIPTION_O1000_N2_P0.5_B8_T1.0_S0_R5,40,0.006862024962348563,0.0020393280408348966,0.0,0,0.0
main_partial_PRESCRIPTION_O1000_N2_P0.5_B8_T1.0_S0_R5,50,0.0050601899239827025,0.0014669459956667841,0.0,0,0.0
main_partial_PRESCRIPTION_O1000_N2_P0.5_B8_T1.0_S0_R5,60,0.0016107664901951965,0.0004425425091168968,0.0,0,0.0
main_partial_PRESCRIPTION_O1000_N2_P0.5_B8_T1.0_S0_R5,70,0.00470605525367928,0.0013573024679593938,0.0,0,0.0
main_partial_PRESCRIPTION_O1000_N2_P0.5_B8_T1.0_S0_R5,80,0.0015448859177522034,0.0004239764975550518,0.0,0,0.0
main_partial_PRESCRIPTION_O1000_N2_P0.5_B8_T1.0_S0_R5,90,0.003354398412340809,0.0009479427879154277,0.0,0,0.0
main_partial_PRESCRIPTION_O1000_N2_P0.5_B8_T1.0_S0_R5,100,0.004588627877721824,0.0013211605133261048,0.0,0,0.0
main_partial_PRESCRIPTION_O1000_N2_P0.5_B8_T1.0_S0_R5,110,0.007621377073541352,0.002287481215248706,0.0,0,0.0
main_partial_PRESCRIPTION_O1000_N2_P0.5_B8_T1.0_S0_R5,120,0.0034549026530285715,0.000977869967983833,0.0,0,0.0
main_partial_PRESCRIPTION_O1000_N2_P0.5_B8_T1.0_S0_R5,130,0.0062495356069536614,0.001842106439755028,0.0,0,0.0
main_partial_PRESCRIPTION_O1000_N2_P0.5_B8_T1.0_S0_R5,140,0.004761461494859412,0.0013743927863871393,6.938893903907228e-18,0,0.0
main_partial_PRESCRIPTION_O1000_N2_P0.5_B8_T1.0_S0_R5,150,0.0036255981317455735,0.0010288897102095624,-6.938893903907228e-18,0,0.0
main_partial_PRESCRIPTION_O1000_N2_P0.5_B8_T1.0_S0_R5,160,0.0015474468902369615,0.00042469746817175194,0.0,0,0.0
main_partial_PRESCRIPTION_O1000_N2_P0.5_B8_T1.0_S0_R5,170,0.007527707332479892,0.0022566567960353692,-6.938893903907228e-18,0,0.0
main_partial_PRESCRIPTION_O1000_N2_P0.5_B8_T1.0_S0_R5,180,0.008292218178818367,0.0025099548898162905,-6.938893903907228e-18,0,0.0
main_partial_PRESCRIPTION_O1000_N2_P0.5_B8_T1.0_S0_R5,190,0.008641971017147802,0.002627118105561179,0.0,0,0.0
main_contention_COV_PERIODIC_O1000_N1_P0.5_B4_T1.0_S0_R5,0,0.04537671967668617,0.017553134578237685,0.0,1,0.026480917729748324
main_contention_COV_PERIODIC_O1000_N1_P0.5_B4_T1.0_S0_R5,5,0.006885369753319132,0.0020468975722478886,0.0,0,0.0
main_contention_COV_PERIODIC_O1000_N1_P0.5_B4_T1.0_S0_R5,10,0.007375049272566193,0.0022065484741465038,0.0,0,0.0
main_contention_COV_PERIODIC_O1000_N1_P0.5_B4_T1.0_S0_R5,15,0.008073945150623374,0.002437240471568864,0.0,0,0.0
main_contention_COV_PERIODIC_O1000_N1_P0.5_B4_T1.0_S0_R5,20,0.007809879240450186,0.002349692046389072,0.0,0,0.0
main_contention_COV_PERIODIC_O1000_N1_P0.5_B4_T1.0_S0_R5,25,0.004141411479118236,0.0011845119373717046,0.0,0,0.0
main_contention_COV_PERIODIC_O1000_N1_P0.5_B4_T1.0_S0_R5,30,0.00579997478784966,0.001699066737332991,0.0,0,0.0
main_contention_COV_PERIODIC_O1000_N1_P0.5_B4_T1.0_S0_R5,35,0.003362713895934795,0.0009504157032651348,0.0,0,0.0
main_contention_COV_PERIODIC_O1000_N1_P0.5_B4_T1.0_S0_R5,40,0.007420748859399397,0.00222153220468423,0.0,0,0.0
main_contention_COV_PERIODIC_O1000_N1_P0.5_B4_T1.0_S0_R5,45,0.0032836278170057104,0.000926919896010098,0.0,0,0.0
main_contention_COV_PERIODIC_O1000_N1_P0.5_B4_T1.0_S0_R5,50,0.006910559545361995,0.0020550696227603737,0.0,0,0.0
main_contention_COV_PERIODIC_O1000_N1_P0.5_B4_T1.0_S0_R5,55,0.008020124276298224,0.002419359111294009,-6.938893903907228e-18,0,0.0
main_contention_COV_PERIODIC_O1000_N1_P0.5_B4_T1.0_S0_R5,60,0.0016178854016027922,0.000444551096670153,0.0,0,0.0
main_contention_COV_PERIODIC_O1000_N1_P0.5_B4_T1.0_S0_R5,65,0.0016910125836061551,0.0004652106492086495,0.0,0,0.0
main_contention_COV_PERIODIC_O1000_N1_P0.5_B4_T1.0_S0_R5,70,0.006175357916595597,0.0018184155648753799,0.0,0,0.0
main_contention_COV_PERIODIC_O1000_N1_P0.5_B4_T1.0_S0_R5,75,0.002518132623663606,0.0007022402415380418,0.0,0,0.0
main_contention_COV_PERIODIC_O1000_N1_P0.5_B4_T1.0_S0_R5,80,0.0015448637591186642,0.00042397025967108175,0.0,0,0.0
main_contention_COV_PERIODIC_O1000_N1_P0.5_B4_T1.0_S0_R5,85,0.0034582769650334313,0.0009788761936388147,6.938893903907228e-18,0,0.0
main_contention_COV_PERIODIC_O1000_N1_P0.5_B4_T1.0_S0_R5,90,0.0027020169929590707,0.0007557498931424773,0.0,0,0.0
main_contention_COV_PERIODIC_O1000_N1_P0.5_B4_T1.0_S0_R5,95,0.002006131484695299,0.0005547923333682151,3.469446951953614e-18,0,0.0
main_contention_COV_PERIODIC_O1000_N1_P0.5_B4_T1.0_S0_R5,100,0.006770016197089425,0.0020095314994265662,0.0,0,0.0
main_contention_COV_PERIODIC_O1000_N1_P0.5_B4_T1.0_S0_R5,105,0.0026754355808585872,0.0007480002644593659,0.0,0,0.0
main_contention_COV_PERIODIC_O1000_N1_P0.5_B4_T1.0_S0_R5,110,0.007621377066014859,0.0022874812132215854,-6.938893903907228e-18,0,0.0
main_contention_COV_PERIODIC_O1000_N1_P0.5_B4_T1.0_S0_R5,115,0.007277239336817204,0.002174527105898392,0.0,0,0.0
main_contention_COV_PERIODIC_O1000_N1_P0.5_B4_T1.0_S0_R5,120,0.0056986471754815055,0.0016670314349592943,0.0,0,0.0
main_contention_COV_PERIODIC_O1000_N1_P0.5_B4_T1.0_S0_R5,125,0.0016024534357374984,0.00044019758438939264,0.0,0,0.0
main_contention_COV_PERIODIC_O1000_N1_P0.5_B4_T1.0_S0_R5,130,0.0061606622870692684,0.0018137127076052707,0.0,0,0.0
main_contention_COV_PERIODIC_O1000_N1_P0.5_B4_T1.0_S0_R5,135,0.008022259964307284,0.002420068303437875,6.938893903907228e-18,0,0.0
main_contention_COV_PERIODIC_O1000_N1_P0.5_B4_T1.0_S0_R5,140,0.0075541461693703,0.002265351150851577,0.0,0,0.0
main_contention_COV_PERIODIC_O1000_N1_P0.5_B4_T1.0_S0_R5,145,0.005562672110704575,0.0016241649942472479,-6.938893903907228e-18,0,0.0
main_contention_COV_PERIODIC_O1000_N1_P0.5_B4_T1.0_S0_R5,150,0.005696328405813064,0.0016662992118638988,0.0,0,0.0
main_contention_COV_PERIODIC_O1000_N1_P0.5_B4_T1.0_S0_R5,155,0.004179718067798467,0.001196152423017106,0.0,0,0.0
main_contention_COV_PERIODIC_O1000_N1_P0.5_B4_T1.0_S0_R5,160,0.00668330235747059,0.001981504223912328,0.0,0,0.0
main_contention_COV_PERIODIC_O1000_N1_P0.5_B4_T1.0_S0_R5,165,0.0033948978096731974,0.0009600060423965509,0.0,0,0.0
main_contention_COV_PERIODIC_O1000_N1_P0.5_B4_T1.0_S0_R5,170,0.0031901531554877835,0.0008992168516001606,0.0,0,0.0
main_contention_COV_PERIODIC_O1000_N1_P0.5_B4_T1.0_S0_R5,175,0.005555338580348311,0.0016218536565793585,0.0,0,0.0
main_contention_COV_PERIODIC_O1000_N1_P0.5_B4_T1.0_S0_R5,180,0.008065320641551653,0.0024343737892080454,0.0,0,0.0
main_contention_COV_PERIODIC_O1000_N1_P0.5_B4_T1.0_S0_R5,185,0.007475544598992585,0.0022395171100299946,6.938893903907228e-18,0,0.0
main_contention_COV_PERIODIC_O1000_N1_P0.5_B4_T1.0_S0_R5,190,0.0086392714262234,0.0026262107490608597,0.0,0,0.0
main_contention_COV_PERIODIC_O1000_N1_P0.5_B4_T1.0_S0_R5,195,0.0052729337796789885,0.0015332759151758558,6.938893903907228e-18,0,0.0
main_contention_COV_PERIODIC_O1000_N2_P0.5_B4_T1.0_S0_R5,0,0.04537671967668617,0.017553134578237685,0.0,1,0.026480917729748324
main_contention_COV_PERIODIC_O1000_N2_P0.5_B4_T1.0_S0_R5,5,0.010018136223877809,0.003095629574455802,0.0,1,0.0001925886203156535
main_contention_COV_PERIODIC_O1000_N2_P0.5_B4_T1.0_S0_R5,10,0.0076269013531674035,0.0022893009739302916,-6.938893903907228e-18,0,0.0
main_contention_COV_PERIODIC_O1000_N2_P0.5_B4_T1.0_S0_R5,15,0.008099816373036903,0.002445842700789569,0.0,0,0.0
main_contention_COV_PERIODIC_O1000_N2_P0.5_B4_T1.0_S0_R5,20,0.00330105394435988,0.0009320925779899906,0.0,0,0.0
main_contention_COV_PERIODIC_O1000_N2_P0.5_B4_T1.0_S0_R5,25,0.0041414811923802045,0.0011845307133518087,0.0,0,0.0
main_contention_COV_PERIODIC_O1000_N2_P0.5_B4_T1.0_S0_R5,30,0.005799975038768168,0.001699066804913192,0.0,0,0.0
main_contention_COV_PERIODIC_O1000_N2_P0.5_B4_T1.0_S0_R5,35,0.0037089182210878133,0.001053880646354559,0.0,0,0.0
main_contention_COV_PERIODIC_O1000_N2_P0.5_B4_T1.0_S0_R5,40,0.007031383638871368,0.0020943288460926893,0.0,0,0.0
main_contention_COV_PERIODIC_O1000_N2_P0.5_B4_T1.0_S0_R5,45,0.007935333395234771,0.002391227284984969,0.0,0,0.0
main_contention_COV_PERIODIC_O1000_N2_P0.5_B4_T1.0_S0_R5,50,0.0016934789835150316,0.00046590829699165654,0.0,0,0.0
main_contention_COV_PERIODIC_O1000_N2_P0.5_B4_T1.0_S0_R5,55,0.0058316772557360785,0.0017091052174206963,0.0,0,0.0
main_contention_COV_PERIODIC_O1000_N2_P0.5_B4_T1.0_S0_R5,60,0.004650121929592528,0.0013400738083992596,0.0,0,0.0
main_contention_COV_PERIODIC_O1000_N2_P0.5_B4_T1.0_S0_R5,65,0.0081964612585749,0.0024780163378831693,0.0,0,0.0
main_contention_COV_PERIODIC_O1000_N2_P0.5_B4_T1.0_S0_R5,70,0.0016358759329246492,0.0004496291608835454,-3.469446951953614e-18,0,0.0
main_contention_COV_PERIODIC_O1000_N2_P0.5_B4_T1.0_S0_R5,75,0.002495652502847917,0.0006957180070380402,-3.469446951953614e-18,0,0.0
main_contention_COV_PERIODIC_O1000_N2_P0.5_B4_T1.0_S0_R5,80,0.0030269687550785462,0.0008510302329708608,0.0,0,0.0
main_contention_COV_PERIODIC_O1000_N2_P0.5_B4_T1.0_S0_R5,85,0.0016939340101253114,0.00046603701223544295,0.0,0,0.0
main_contention_COV_PERIODIC_O1000_N2_P0.5_B4_T1.0_S0_R5,90,0.003354398412340115,0.00094794278791522,0.0,0,0.0
main_contention_COV_PERIODIC_O1000_N2_P0.5_B4_T1.0_S0_R5,95,0.004934798736777712,0.0014280130924654542,0.0,0,0.0
main_contention_COV_PERIODIC_O1000_N2_P0.5_B4_T1.0_S0_R5,100,0.0024151774825364736,0.0006724011595948063,0.0,0,0.0
main_contention_COV_PERIODIC_O1000_N2_P0.5_B4_T1.0_S0_R5,105,0.002675770105315424,0.0007480903626962165,0.0,0,0.0
main_contention_COV_PERIODIC_O1000_N2_P0.5_B4_T1.0_S0_R5,110,0.007621307008896273,0.0022874623445555595,0.0,0,0.0
main_contention_COV_PERIODIC_O1000_N2_P0.5_B4_T1.0_S0_R5,115,0.0030548808861243643,0.0008592564356655328,0.0,0,0.0
main_contention_COV_PERIODIC_O1000_N2_P0.5_B4_T1.0_S0_R5,120,0.001583684794658577,0.00043490570647995784,0.0,0,0.0
main_contention_COV_PERIODIC_O1000_N2_P0.5_B4_T1.0_S0_R5,125,0.006464483784601335,0.0019110154283888394,0.0,0,0.0
main_contention_COV_PERIODIC_O1000_N2_P0.5_B4_T1.0_S0_R5,130,0.007296742766097528,0.002180920882647038,0.0,0,0.0
main_contention_COV_PERIODIC_O1000_N2_P0.5_B4_T1.0_S0_R5,135,0.006760477427251416,0.002006445834251906,0.0,0,0.0
main_contention_COV_PERIODIC_O1000_N2_P0.5_B4_T1.0_S0_R5,140,0.007438261606015212,0.0022272779654739627,-6.938893903907228e-18,0,0.0
main_contention_COV_PERIODIC_O1000_N2_P0.5_B4_T1.0_S0_R5,145,0.005562742075186498,0.001624183837962504,0.0,0,0.0
main_contention_COV_PERIODIC_O1000_N2_P0.5_B4_T1.0_S0_R5,150,0.005696328406268658,0.001666299212004541,0.0,0,0.0
main_contention_COV_PERIODIC_O1000_N2_P0.5_B4_T1.0_S0_R5,155,0.002974620217447245,0.0008356200647835927,0.0,0,0.0
main_contention_COV_PERIODIC_O1000_N2_P0.5_B4_T1.0_S0_R5,160,0.0065265788705523575,0.0019309837327934275,0.0,0,0.0
main_contention_COV_PERIODIC_O1000_N2_P0.5_B4_T1.0_S0_R5,165,0.008279768669324353,0.0025057991106839784,0.0,0,0.0
main_contention_COV_PERIODIC_O1000_N2_P0.5_B4_T1.0_S0_R5,170,0.0035388033268606775,0.0010029172626643858,0.0,0,0.0
main_contention_COV_PERIODIC_O1000_N2_P0.5_B4_T1.0_S0_R5,175,0.004532464125824857,0.001303912490191985,-6.938893903907228e-18,0,0.0
main_contention_COV_PERIODIC_O1000_N2_P0.5_B4_T1.0_S0_R5,180,0.007920986116974095,0.0023864868106960166,0.0,0,0.0
main_contention_COV_PERIODIC_O1000_N2_P0.5_B4_T1.0_S0_R5,185,0.0030104861219305695,0.0008461756701628165,0.0,0,0.0
main_contention_COV_PERIODIC_O1000_N2_P0.5_B4_T1.0_S0_R5,190,0.0032691715519722817,0.0009226307118026427,0.0,0,0.0
main_contention_COV_PERIODIC_O1000_N2_P0.5_B4_T1.0_S0_R5,195,0.00527293148768309,0.0015332752983469465,0.0,0,0.0
main_contention_COV_EVENT_O1000_N1_P0.2_B4_T0.4_S0_R5,0,0.04537671967668617,0.017553134578237685,0.0,1,0.026480917729748324
main_contention_COV_EVENT_O1000_N1_P0.2_B4_T0.4_S0_R5,10,0.007375049272566193,0.0022065484741465038,0.0,0,0.0
main_contention_COV_EVENT_O1000_N1_P0.2_B4_T0.4_S0_R5,20,0.0078098770957097385,0.0023496914687433073,0.0,0,0.0
main_contention_COV_EVENT_O1000_N1_P0.2_B4_T0.4_S0_R5,30,0.0018345122302753855,0.0005058931687707393,0.0,0,0.0
main_contention_COV_EVENT_O1000_N1_P0.2_B4_T0.4_S0_R5,40,0.007420492978748604,0.002221448394139587,0.0,0,0.0
main_contention_COV_EVENT_O1000_N1_P0.2_B4_T0.4_S0_R5,50,0.006910712168237201,0.0020551191500673056,-6.938893903907228e-18,0,0.0
main_contention_COV_EVENT_O1000_N1_P0.2_B4_T0.4_S0_R5,60,0.0016116840870215587,0.0004428013812708038,-3.469446951953614e-18,0,0.0
main_contention_COV_EVENT_O1000_N1_P0.2_B4_T0.4_S0_R5,70,0.006175201782634837,0.0018183657151410798,0.0,0,0.0
main_contention_COV_EVENT_O1000_N1_P0.2_B4_T0.4_S0_R5,80,0.0015448635186590814,0.00042397019490774025,0.0,0,0.0
main_contention_COV_EVENT_O1000_N1_P0.2_B4_T0.4_S0_R5,90,0.0027017709462515485,0.0007556836239164912,0.0,0,0.0
main_contention_COV_EVENT_O1000_N1_P0.2_B4_T0.4_S0_R5,100,0.007438500948515864,0.0022273565058887547,0.0,0,0.0
main_contention_COV_EVENT_O1000_N1_P0.2_B4_T0.4_S0_R5,110,0.003251447049856443,0.0009173761300915502,0.0,0,0.0
main_contention_COV_EVENT_O1000_N1_P0.2_B4_T0.4_S0_R5,120,0.006166425061979716,0.0018155517333563916,0.0,0,0.0
main_contention_COV_EVENT_O1000_N1_P0.2_B4_T0.4_S0_R5,130,0.007355019024033363,0.00219998556413243,0.0,0,0.0
main_contention_COV_EVENT_O1000_N1_P0.2_B4_T0.4_S0_R5,140,0.0073625085191004955,0.002202439175646363,0.0,0,0.0
main_contention_COV_EVENT_O1000_N1_P0.2_B4_T0.4_S0_R5,150,0.004859514607352691,0.0014047059559180318,0.0,0,0.0
main_contention_COV_EVENT_O1000_N1_P0.2_B4_T0.4_S0_R5,160,0.006921490196618391,0.0020586209757912817,0.0,0,0.0
main_contention_COV_EVENT_O1000_N1_P0.2_B4_T0.4_S0_R5,170,0.0031898146347167297,0.000899116657637547,0.0,0,0.0
main_contention_COV_EVENT_O1000_N1_P0.2_B4_T0.4_S0_R5,180,0.008153771688747619,0.002463797151568352,0.0,0,0.0
main_contention_COV_EVENT_O1000_N1_P0.2_B4_T0.4_S0_R5,190,0.008640330164783265,0.0026265665918583612,0.0,0,0.0
main_contention_COV_EVENT_O1000_N2_P0.2_B4_T0.4_S0_R5,0,0.04537671967668617,0.017553134578237685,0.0,1,0.026480917729748324
main_contention_COV_EVENT_O1000_N2_P0.2_B4_T0.4_S0_R5,10,0.0076269013531674035,0.0022893009739302916,-6.938893903907228e-18,0,0.0
main_contention_COV_EVENT_O1000_N2_P0.2_B4_T0.4_S0_R5,20,0.0033009143068896477,0.0009320549690661866,0.0,0,0.0
main_contention_COV_EVENT_O1000_N2_P0.2_B4_T0.4_S0_R5,30,0.005799975038554284,0.0016990668048454901,0.0,0,0.0
main_contention_COV_EVENT_O1000_N2_P0.2_B4_T0.4_S0_R5,40,0.006864775466949767,0.002040223419668027,6.938893903907228e-18,0,0.0
main_contention_COV_EVENT_O1000_N2_P0.2_B4_T0.4_S0_R5,50,0.0016860087803066484,0.0004637954401215029,0.0,0,0.0
main_contention_COV_EVENT_O1000_N2_P0.2_B4_T0.4_S0_R5,60,0.00790302620771885,0.002380521016278665,0.0,0,0.0
main_contention_COV_EVENT_O1000_N2_P0.2_B4_T0.4_S0_R5,70,0.007338391852242485,0.002194539757297361,0.0,0,0.0
main_contention_COV_EVENT_O1000_N2_P0.2_B4_T0.4_S0_R5,80,0.005094879574554449,0.0014777381109630783,0.0,0,0.0
main_contention_COV_EVENT_O1000_N2_P0.2_B4_T0.4_S0_R5,90,0.0033545426906079756,0.0009479856894599569,-6.938893903907228e-18,0,0.0
main_contention_COV_EVENT_O1000_N2_P0.2_B4_T0.4_S0_R5,100,0.002415097998160226,0.0006723795619641415,-3.469446951953614e-18,0,0.0
main_contention_COV_EVENT_O1000_N2_P0.2_B4_T0.4_S0_R5,110,0.003538223914078195,0.001002746152163855,0.0,0,0.0
main_contention_COV_EVENT_O1000_N2_P0.2_B4_T0.4_S0_R5,120,0.001584637332564455,0.000435174199685329,0.0,0,0.0
main_contention_COV_EVENT_O1000_N2_P0.2_B4_T0.4_S0_R5,130,0.007255063882730908,0.002167276352550724,0.0,0,0.0
main_contention_COV_EVENT_O1000_N2_P0.2_B4_T0.4_S0_R5,140,0.0028206940951639864,0.0007904428891913572,0.0,0,0.0
main_contention_COV_EVENT_O1000_N2_P0.2_B4_T0.4_S0_R5,150,0.005696328006449203,0.001666299085756264,0.0,0,0.0
main_contention_COV_EVENT_O1000_N2_P0.2_B4_T0.4_S0_R5,160,0.0015475156945500765,0.0004247168389461237,0.0,0,0.0
main_contention_COV_EVENT_O1000_N2_P0.2_B4_T0.4_S0_R5,170,0.004617563580564969,0.001330056673400008,0.0,0,0.0
main_contention_COV_EVENT_O1000_N2_P0.2_B4_T0.4_S0_R5,180,0.0032495183154802806,0.0009168025958640144,0.0,0,0.0
main_contention_COV_EVENT_O1000_N2_P0.2_B4_T0.4_S0_R5,190,0.003662119291588009,0.0010398368189680348,0.0,0,0.0
main_contention_GRANT_O1000_N1_P0.2_B4_T0.4_S0_R5,0,0.04537671967668617,0.017553134578237685,0.0,1,0.026480917729748324
main_contention_GRANT_O1000_N1_P0.2_B4_T0.4_S0_R5,10,0.007375049272566193,0.0022065484741465038,0.0,0,0.0
main_contention_GRANT_O1000_N1_P0.2_B4_T0.4_S0_R5,20,0.0078098770957097385,0.0023496914687433073,0.0,0,0.0
main_contention_GRANT_O1000_N1_P0.2_B4_T0.4_S0_R5,30,0.0018345122302753855,0.0005058931687707393,0.0,0,0.0
main_contention_GRANT_O1000_N1_P0.2_B4_T0.4_S0_R5,40,0.007420492978748604,0.002221448394139587,0.0,0,0.0
main_contention_GRANT_O1000_N1_P0.2_B4_T0.4_S0_R5,50,0.006910712168237201,0.0020551191500673056,-6.938893903907228e-18,0,0.0
main_contention_GRANT_O1000_N1_P0.2_B4_T0.4_S0_R5,60,0.0016116840870215587,0.0004428013812708038,-3.469446951953614e-18,0,0.0
main_contention_GRANT_O1000_N1_P0.2_B4_T0.4_S0_R5,70,0.006175201782634837,0.0018183657151410798,0.0,0,0.0
main_contention_GRANT_O1000_N1_P0.2_B4_T0.4_S0_R5,80,0.0015448635186590814,0.00042397019490774025,0.0,0,0.0
main_contention_GRANT_O1000_N1_P0.2_B4_T0.4_S0_R5,90,0.0027017709462515485,0.0007556836239164912,0.0,0,0.0
main_contention_GRANT_O1000_N1_P0.2_B4_T0.4_S0_R5,100,0.007438500948515864,0.0022273565058887547,0.0,0,0.0
main_contention_GRANT_O1000_N1_P0.2_B4_T0.4_S0_R5,110,0.003251447049856443,0.0009173761300915502,0.0,0,0.0
main_contention_GRANT_O1000_N1_P0.2_B4_T0.4_S0_R5,120,0.006166425061979716,0.0018155517333563916,0.0,0,0.0
main_contention_GRANT_O1000_N1_P0.2_B4_T0.4_S0_R5,130,0.007355019024033363,0.00219998556413243,0.0,0,0.0
main_contention_GRANT_O1000_N1_P0.2_B4_T0.4_S0_R5,140,0.0073625085191004955,0.002202439175646363,0.0,0,0.0
main_contention_GRANT_O1000_N1_P0.2_B4_T0.4_S0_R5,150,0.004859514607352691,0.0014047059559180318,0.0,0,0.0
main_contention_GRANT_O1000_N1_P0.2_B4_T0.4_S0_R5,160,0.006921490196618391,0.0020586209757912817,0.0,0,0.0
main_contention_GRANT_O1000_N1_P0.2_B4_T0.4_S0_R5,170,0.0031898146347167297,0.000899116657637547,0.0,0,0.0
main_contention_GRANT_O1000_N1_P0.2_B4_T0.4_S0_R5,180,0.008153771688747619,0.002463797151568352,0.0,0,0.0
main_contention_GRANT_O1000_N1_P0.2_B4_T0.4_S0_R5,190,0.008640330164783265,0.0026265665918583612,0.0,0,0.0
main_contention_GRANT_O1000_N2_P0.2_B4_T0.4_S0_R5,0,0.04537671967668617,0.017553134578237685,0.0,1,0.026480917729748324
main_contention_GRANT_O1000_N2_P0.2_B4_T0.4_S0_R5,10,0.0076269013531674035,0.0022893009739302916,-6.938893903907228e-18,0,0.0
main_contention_GRANT_O1000_N2_P0.2_B4_T0.4_S0_R5,20,0.0033009143068896477,0.0009320549690661866,0.0,0,0.0
main_contention_GRANT_O1000_N2_P0.2_B4_T0.4_S0_R5,30,0.005799975038554284,0.0016990668048454901,0.0,0,0.0
main_contention_GRANT_O1000_N2_P0.2_B4_T0.4_S0_R5,40,0.003207366562159003,0.0009043146947393266,0.0,0,0.0
main_contention_GRANT_O1000_N2_P0.2_B4_T0.4_S0_R5,50,0.0016933671469162304,0.00046587666160347046,0.0,0,0.0
main_contention_GRANT_O1000_N2_P0.2_B4_T0.4_S0_R5,60,0.004649876250302165,0.0013399981877474077,0.0,0,0.0
main_contention_GRANT_O1000_N2_P0.2_B4_T0.4_S0_R5,70,0.0016350233309821438,0.000449388438986362,0.0,0,0.0
main_contention_GRANT_O1000_N2_P0.2_B4_T0.4_S0_R5,80,0.003026968755288968,0.0008510302330264781,0.0,0,0.0
main_contention_GRANT_O1000_N2_P0.2_B4_T0.4_S0_R5,90,0.00257914223077476,0.0007199580137035559,0.0,0,0.0
main_contention_GRANT_O1000_N2_P0.2_B4_T0.4_S0_R5,100,0.004139458483695402,0.0011839188614920317,0.0,0,0.0
main_contention_GRANT_O1000_N2_P0.2_B4_T0.4_S0_R5,110,0.0035382937784746785,0.0010027649689232604,0.0,0,0.0
main_contention_GRANT_O1000_N2_P0.2_B4_T0.4_S0_R5,120,0.001851953465022961,0.0005108505396232844,0.0,0,0.0
main_contention_GRANT_O1000_N2_P0.2_B4_T0.4_S0_R5,130,0.007256255274599957,0.00216766581845768,0.0,0,0.0
main_contention_GRANT_O1000_N2_P0.2_B4_T0.4_S0_R5,140,0.0028162198300267366,0.0007891327278325551,0.0,0,0.0
main_contention_GRANT_O1000_N2_P0.2_B4_T0.4_S0_R5,150,0.005696328006451312,0.0016662990857568335,0.0,0,0.0
main_contention_GRANT_O1000_N2_P0.2_B4_T0.4_S0_R5,160,0.0015475156945500765,0.00042471683894612275,0.0,0,0.0
main_contention_GRANT_O1000_N2_P0.2_B4_T0.4_S0_R5,170,0.004615658933609948,0.001329470624143472,0.0,0,0.0
main_contention_GRANT_O1000_N2_P0.2_B4_T0.4_S0_R5,180,0.0032495182653628427,0.0009168025810054153,0.0,0,0.0
main_contention_GRANT_O1000_N2_P0.2_B4_T0.4_S0_R5,190,0.0036621192914545117,0.001039836818928003,0.0,0,0.0
main_contention_GOQ_O1000_N1_P0.2_B8_T0.4_S0_R5,0,0.04537671967668617,0.017553134578237685,0.0,1,0.026480917729748324
main_contention_GOQ_O1000_N1_P0.2_B8_T0.4_S0_R5,10,0.007375049272566193,0.0022065484741465038,0.0,0,0.0
main_contention_GOQ_O1000_N1_P0.2_B8_T0.4_S0_R5,20,0.0078098770957097385,0.0023496914687433073,0.0,0,0.0
main_contention_GOQ_O1000_N1_P0.2_B8_T0.4_S0_R5,30,0.0018345122280797738,0.0005058931681793935,0.0,0,0.0
main_contention_GOQ_O1000_N1_P0.2_B8_T0.4_S0_R5,40,0.007420492978748604,0.002221448394139587,0.0,0,0.0
main_contention_GOQ_O1000_N1_P0.2_B8_T0.4_S0_R5,50,0.006910712168237201,0.0020551191500673056,-6.938893903907228e-18,0,0.0
main_contention_GOQ_O1000_N1_P0.2_B8_T0.4_S0_R5,60,0.0016116840870215587,0.0004428013812708038,-3.469446951953614e-18,0,0.0
main_contention_GOQ_O1000_N1_P0.2_B8_T0.4_S0_R5,70,0.006175201782634837,0.0018183657151410798,0.0,0,0.0
main_contention_GOQ_O1000_N1_P0.2_B8_T0.4_S0_R5,80,0.0015448635186590814,0.00042397019490774025,0.0,0,0.0
main_contention_GOQ_O1000_N1_P0.2_B8_T0.4_S0_R5,90,0.0027017709462515485,0.0007556836239164912,0.0,0,0.0
main_contention_GOQ_O1000_N1_P0.2_B8_T0.4_S0_R5,100,0.007438500948515864,0.0022273565058887547,0.0,0,0.0
main_contention_GOQ_O1000_N1_P0.2_B8_T0.4_S0_R5,110,0.003251447049856443,0.0009173761300915502,0.0,0,0.0
main_contention_GOQ_O1000_N1_P0.2_B8_T0.4_S0_R5,120,0.006166425061979716,0.0018155517333563916,0.0,0,0.0
main_contention_GOQ_O1000_N1_P0.2_B8_T0.4_S0_R5,130,0.007355019024033363,0.00219998556413243,0.0,0,0.0
main_contention_GOQ_O1000_N1_P0.2_B8_T0.4_S0_R5,140,0.0073625085191004955,0.002202439175646363,0.0,0,0.0
main_contention_GOQ_O1000_N1_P0.2_B8_T0.4_S0_R5,150,0.004859514607352691,0.0014047059559180318,0.0,0,0.0
main_contention_GOQ_O1000_N1_P0.2_B8_T0.4_S0_R5,160,0.006921490196618391,0.0020586209757912817,0.0,0,0.0
main_contention_GOQ_O1000_N1_P0.2_B8_T0.4_S0_R5,170,0.0031898146347167297,0.000899116657637547,0.0,0,0.0
main_contention_GOQ_O1000_N1_P0.2_B8_T0.4_S0_R5,180,0.008153771688747619,0.002463797151568352,0.0,0,0.0
main_contention_GOQ_O1000_N1_P0.2_B8_T0.4_S0_R5,190,0.008640330164783265,0.0026265665918583612,0.0,0,0.0
main_contention_GOQ_O1000_N2_P0.2_B8_T0.4_S0_R5,0,0.04537671967668617,0.017553134578237685,0.0,1,0.026480917729748324
main_contention_GOQ_O1000_N2_P0.2_B8_T0.4_S0_R5,10,0.0076269013531674035,0.0022893009739302916,-6.938893903907228e-18,0,0.0
main_contention_GOQ_O1000_N2_P0.2_B8_T0.4_S0_R5,20,0.0033009143068896477,0.0009320549690661866,0.0,0,0.0
main_contention_GOQ_O1000_N2_P0.2_B8_T0.4_S0_R5,30,0.005799975038554284,0.0016990668048454901,0.0,0,0.0
main_contention_GOQ_O1000_N2_P0.2_B8_T0.4_S0_R5,40,0.003207366562159003,0.0009043146947393266,0.0,0,0.0
main_contention_GOQ_O1000_N2_P0.2_B8_T0.4_S0_R5,50,0.0016933671469162304,0.00046587666160347046,0.0,0,0.0
main_contention_GOQ_O1000_N2_P0.2_B8_T0.4_S0_R5,60,0.004649876250302165,0.0013399981877474077,0.0,0,0.0
main_contention_GOQ_O1000_N2_P0.2_B8_T0.4_S0_R5,70,0.0016350233309821438,0.000449388438986362,0.0,0,0.0
main_contention_GOQ_O1000_N2_P0.2_B8_T0.4_S0_R5,80,0.003026968755288968,0.0008510302330264781,0.0,0,0.0
main_contention_GOQ_O1000_N2_P0.2_B8_T0.4_S0_R5,90,0.00257914223077476,0.0007199580137035559,0.0,0,0.0
main_contention_GOQ_O1000_N2_P0.2_B8_T0.4_S0_R5,100,0.004139458483695402,0.0011839188614920317,0.0,0,0.0
main_contention_GOQ_O1000_N2_P0.2_B8_T0.4_S0_R5,110,0.0035382937784746785,0.0010027649689232604,0.0,0,0.0
main_contention_GOQ_O1000_N2_P0.2_B8_T0.4_S0_R5,120,0.001851953465022961,0.0005108505396232844,0.0,0,0.0
main_contention_GOQ_O1000_N2_P0.2_B8_T0.4_S0_R5,130,0.007256255274599957,0.00216766581845768,0.0,0,0.0
main_contention_GOQ_O1000_N2_P0.2_B8_T0.4_S0_R5,140,0.0028162198300267366,0.0007891327278325551,0.0,0,0.0
main_contention_GOQ_O1000_N2_P0.2_B8_T0.4_S0_R5,150,0.005696328006451312,0.0016662990857568335,0.0,0,0.0
main_contention_GOQ_O1000_N2_P0.2_B8_T0.4_S0_R5,160,0.0015475156945500765,0.00042471683894612275,0.0,0,0.0
main_contention_GOQ_O1000_N2_P0.2_B8_T0.4_S0_R5,170,0.004615658933609948,0.001329470624143472,0.0,0,0.0
main_contention_GOQ_O1000_N2_P0.2_B8_T0.4_S0_R5,180,0.0032495182653628427,0.0009168025810054153,0.0,0,0.0
main_contention_GOQ_O1000_N2_P0.2_B8_T0.4_S0_R5,190,0.0036621192914545117,0.001039836818928003,0.0,0,0.0
main_contention_PRESCRIPTION_O1000_N1_P0.5_B8_T1.0_S0_R5,0,0.04537671967668617,0.017553134578237685,0.0,1,0.026480917729748324
main_contention_PRESCRIPTION_O1000_N1_P0.5_B8_T1.0_S0_R5,10,0.007375049272566193,0.0022065484741465038,0.0,0,0.0
main_contention_PRESCRIPTION_O1000_N1_P0.5_B8_T1.0_S0_R5,20,0.007809879240450186,0.002349692046389072,0.0,0,0.0
main_contention_PRESCRIPTION_O1000_N1_P0.5_B8_T1.0_S0_R5,30,0.0018345122307267259,0.0005058931688989891,0.0,0,0.0
main_contention_PRESCRIPTION_O1000_N1_P0.5_B8_T1.0_S0_R5,40,0.007420495123489072,0.0022214489717853536,0.0,0,0.0
main_contention_PRESCRIPTION_O1000_N1_P0.5_B8_T1.0_S0_R5,50,0.006910712168476517,0.0020551191501317627,0.0,0,0.0
main_contention_PRESCRIPTION_O1000_N1_P0.5_B8_T1.0_S0_R5,60,0.001611684087266356,0.000442801381336738,0.0,0,0.0
main_contention_PRESCRIPTION_O1000_N1_P0.5_B8_T1.0_S0_R5,70,0.006175443812836023,0.0018184309025588564,0.0,0,0.0
main_contention_PRESCRIPTION_O1000_N1_P0.5_B8_T1.0_S0_R5,80,0.0015448868014421371,0.000423976749316499,0.0,0,0.0
main_contention_PRESCRIPTION_O1000_N1_P0.5_B8_T1.0_S0_R5,90,0.002701771072510732,0.0007556836579233216,0.0,0,0.0
main_contention_PRESCRIPTION_O1000_N1_P0.5_B8_T1.0_S0_R5,100,0.0074385009485158915,0.002227356505888764,0.0,0,0.0
main_contention_PRESCRIPTION_O1000_N1_P0.5_B8_T1.0_S0_R5,110,0.0032484499387902613,0.000916485652775117,0.0,0,0.0
main_contention_PRESCRIPTION_O1000_N1_P0.5_B8_T1.0_S0_R5,120,0.006166424461249674,0.0018155515415974183,0.0,0,0.0
main_contention_PRESCRIPTION_O1000_N1_P0.5_B8_T1.0_S0_R5,130,0.007355019018797947,0.002199985562417403,0.0,0,0.0
main_contention_PRESCRIPTION_O1000_N1_P0.5_B8_T1.0_S0_R5,140,0.007566530591435847,0.0022694253711117067,0.0,0,0.0
main_contention_PRESCRIPTION_O1000_N1_P0.5_B8_T1.0_S0_R5,150,0.005696328406268658,0.0016662992120045407,0.0,0,0.0
main_contention_PRESCRIPTION_O1000_N1_P0.5_B8_T1.0_S0_R5,160,0.006928881567778565,0.0020610164245131947,0.0,0,0.0
main_contention_PRESCRIPTION_O1000_N1_P0.5_B8_T1.0_S0_R5,170,0.003189814767216685,0.0008991166968410993,0.0,0,0.0
main_contention_PRESCRIPTION_O1000_N1_P0.5_B8_T1.0_S0_R5,180,0.008153771689396683,0.002463797151784455,-6.938893903907228e-18,0,0.0
main_contention_PRESCRIPTION_O1000_N1_P0.5_B8_T1.0_S0_R5,190,0.008640330164791252,0.0026265665918610297,0.0,0,0.0
main_contention_PRESCRIPTION_O1000_N2_P0.5_B8_T1.0_S0_R5,0,0.04537671967668617,0.017553134578237685,0.0,1,0.026480917729748324
main_contention_PRESCRIPTION_O1000_N2_P0.5_B8_T1.0_S0_R5,10,0.0076269013531674035,0.0022893009739302916,-6.938893903907228e-18,0,0.0
main_contention_PRESCRIPTION_O1000_N2_P0.5_B8_T1.0_S0_R5,20,0.00330105394435988,0.0009320925779899906,0.0,0,0.0
main_contention_PRESCRIPTION_O1000_N2_P0.5_B8_T1.0_S0_R5,30,0.005799975038768168,0.001699066804913192,0.0,0,0.0
main_contention_PRESCRIPTION_O1000_N2_P0.5_B8_T1.0_S0_R5,40,0.007847258637622881,0.0023620565905497003,0.0,0,0.0
main_contention_PRESCRIPTION_O1000_N2_P0.5_B8_T1.0_S0_R5,50,0.0016860171750313346,0.00046379781418214163,0.0,0,0.0
main_contention_PRESCRIPTION_O1000_N2_P0.5_B8_T1.0_S0_R5,60,0.0071256513988134235,0.0021250296492942946,0.0,0,0.0
main_contention_PRESCRIPTION_O1000_N2_P0.5_B8_T1.0_S0_R5,70,0.0073317857258818064,0.0021923766142387903,0.0,0,0.0
main_contention_PRESCRIPTION_O1000_N2_P0.5_B8_T1.0_S0_R5,80,0.004226947510063507,0.0012105232279301039,0.0,0,0.0
main_contention_PRESCRIPTION_O1000_N2_P0.5_B8_T1.0_S0_R5,90,0.007760037689515525,0.0023332197616275935,0.0,0,0.0
main_contention_PRESCRIPTION_O1000_N2_P0.5_B8_T1.0_S0_R5,100,0.007593689729320244,0.002278363805347579,0.0,0,0.0
main_contention_PRESCRIPTION_O1000_N2_P0.5_B8_T1.0_S0_R5,110,0.0076213067946615184,0.0022874622615560647,0.0,0,0.0
main_contention_PRESCRIPTION_O1000_N2_P0.5_B8_T1.0_S0_R5,120,0.0016081837909300428,0.00044181392018853067,0.0,0,0.0
main_contention_PRESCRIPTION_O1000_N2_P0.5_B8_T1.0_S0_R5,130,0.0061928873376726895,0.0018240013021489053,0.0,0,0.0
main_contention_PRESCRIPTION_O1000_N2_P0.5_B8_T1.0_S0_R5,140,0.007554500770662102,0.002265467792934579,6.938893903907228e-18,0,0.0
main_contention_PRESCRIPTION_O1000_N2_P0.5_B8_T1.0_S0_R5,150,0.005696328406268658,0.0016662992120045407,0.0,0,0.0
main_contention_PRESCRIPTION_O1000_N2_P0.5_B8_T1.0_S0_R5,160,0.005919338654667733,0.0017369048022375666,0.0,0,0.0
main_contention_PRESCRIPTION_O1000_N2_P0.5_B8_T1.0_S0_R5,170,0.007638169506997562,0.0022930134670810956,6.938893903907228e-18,0,0.0
main_contention_PRESCRIPTION_O1000_N2_P0.5_B8_T1.0_S0_R5,180,0.008293199798817243,0.0025102826081664425,0.0,0,0.0
main_contention_PRESCRIPTION_O1000_N2_P0.5_B8_T1.0_S0_R5,190,0.00864198258153985,0.0026271219925784557,0.0,0,0.0
