tag,max_covariance_error,max_estimate_error,mse_error
focus_dev_reliable_GRANT_KEEP_O1000_N1_P0.5_B4_T1.0_S0_R5_D0.04,6.938893903907228e-18,6.661338147750939e-16,8.673617379884035e-19
focus_dev_reliable_GRANT_KEEP_O1000_N2_P0.5_B4_T1.0_S0_R5_D0.04,6.938893903907228e-18,6.661338147750939e-16,1.734723475976807e-18
focus_dev_reliable_GRANT_KEEP_O1001_N1_P0.5_B4_T1.0_S0_R5_D0.04,1.0842021724855044e-17,1.7763568394002505e-15,1.734723475976807e-18
focus_dev_reliable_GRANT_KEEP_O1001_N2_P0.5_B4_T1.0_S0_R5_D0.04,2.7755575615628914e-17,1.7763568394002505e-15,8.673617379884035e-19
focus_dev_reliable_GRANT_KEEP_O1300_N1_P0.5_B4_T1.0_S0_R5_D0.04,1.3877787807814457e-17,4.440892098500626e-16,0.0
focus_dev_reliable_GRANT_KEEP_O1300_N2_P0.5_B4_T1.0_S0_R5_D0.04,2.2985086056692694e-17,4.440892098500626e-16,8.673617379884035e-19
focus_dev_reliable_GRANT_KEEP_O1301_N1_P0.5_B4_T1.0_S0_R5_D0.04,5.854691731421724e-17,5.551115123125783e-16,8.673617379884035e-19
focus_dev_reliable_GRANT_KEEP_O1301_N2_P0.5_B4_T1.0_S0_R5_D0.04,9.71445146547012e-17,4.440892098500626e-16,0.0
focus_dev_reliable_COV_EVENT_O1000_N1_P0.5_B4_T1.0_S0_R5_D0.04,1.0408340855860843e-17,6.661338147750939e-16,2.6020852139652106e-18
focus_dev_reliable_COV_EVENT_O1000_N2_P0.5_B4_T1.0_S0_R5_D0.04,1.0408340855860843e-17,6.661338147750939e-16,1.734723475976807e-18
focus_dev_reliable_COV_EVENT_O1001_N1_P0.5_B4_T1.0_S0_R5_D0.04,1.0842021724855044e-17,1.7763568394002505e-15,1.734723475976807e-18
focus_dev_reliable_COV_EVENT_O1001_N2_P0.5_B4_T1.0_S0_R5_D0.04,2.7755575615628914e-17,1.7763568394002505e-15,2.6020852139652106e-18
focus_dev_reliable_COV_EVENT_O1300_N1_P0.5_B4_T1.0_S0_R5_D0.04,1.3010426069826053e-17,4.440892098500626e-16,0.0
focus_dev_reliable_COV_EVENT_O1300_N2_P0.5_B4_T1.0_S0_R5_D0.04,2.2985086056692694e-17,4.440892098500626e-16,0.0
focus_dev_reliable_COV_EVENT_O1301_N1_P0.5_B4_T1.0_S0_R5_D0.04,5.854691731421724e-17,5.551115123125783e-16,8.673617379884035e-19
focus_dev_reliable_COV_EVENT_O1301_N2_P0.5_B4_T1.0_S0_R5_D0.04,9.71445146547012e-17,4.440892098500626e-16,1.734723475976807e-18
focus_dev_reliable_OLD_RENEWAL_O1000_N1_P0.5_B8_T1.0_S0_R5_D0.04,2.0816681711721685e-17,6.661338147750939e-16,6.938893903907228e-18
focus_dev_reliable_OLD_RENEWAL_O1000_N2_P0.5_B8_T1.0_S0_R5_D0.04,2.0816681711721685e-17,6.661338147750939e-16,5.204170427930421e-18
focus_dev_reliable_OLD_RENEWAL_O1001_N1_P0.5_B8_T1.0_S0_R5_D0.04,1.3877787807814457e-17,1.7763568394002505e-15,6.071532165918825e-18
focus_dev_reliable_OLD_RENEWAL_O1001_N2_P0.5_B8_T1.0_S0_R5_D0.04,2.7755575615628914e-17,1.7763568394002505e-15,5.204170427930421e-18
focus_dev_reliable_OLD_RENEWAL_O1300_N1_P0.5_B8_T1.0_S0_R5_D0.04,1.3877787807814457e-17,6.661338147750939e-16,0.0
focus_dev_reliable_OLD_RENEWAL_O1300_N2_P0.5_B8_T1.0_S0_R5_D0.04,2.2985086056692694e-17,6.661338147750939e-16,0.0
focus_dev_reliable_OLD_RENEWAL_O1301_N1_P0.5_B8_T1.0_S0_R5_D0.04,5.854691731421724e-17,5.551115123125783e-16,0.0
focus_dev_reliable_OLD_RENEWAL_O1301_N2_P0.5_B8_T1.0_S0_R5_D0.04,9.71445146547012e-17,4.440892098500626e-16,0.0
focus_dev_reliable_COMPAT_O1000_N1_P0.5_B4_T1.0_S0_R5_D0.04,6.938893903907228e-18,6.661338147750939e-16,8.673617379884035e-19
focus_dev_reliable_COMPAT_O1000_N2_P0.5_B4_T1.0_S0_R5_D0.04,6.938893903907228e-18,6.661338147750939e-16,1.734723475976807e-18
focus_dev_reliable_COMPAT_O1001_N1_P0.5_B4_T1.0_S0_R5_D0.04,1.0842021724855044e-17,1.7763568394002505e-15,1.734723475976807e-18
focus_dev_reliable_COMPAT_O1001_N2_P0.5_B4_T1.0_S0_R5_D0.04,2.7755575615628914e-17,1.7763568394002505e-15,8.673617379884035e-19
focus_dev_reliable_COMPAT_O1300_N1_P0.5_B4_T1.0_S0_R5_D0.04,1.3010426069826053e-17,4.440892098500626e-16,2.6020852139652106e-18
focus_dev_reliable_COMPAT_O1300_N2_P0.5_B4_T1.0_S0_R5_D0.04,2.2985086056692694e-17,4.440892098500626e-16,3.469446951953614e-18
focus_dev_reliable_COMPAT_O1301_N1_P0.5_B4_T1.0_S0_R5_D0.04,5.854691731421724e-17,5.551115123125783e-16,8.673617379884035e-19
focus_dev_reliable_COMPAT_O1301_N2_P0.5_B4_T1.0_S0_R5_D0.04,9.71445146547012e-17,4.440892098500626e-16,0.0
focus_dev_partial_GRANT_KEEP_O1000_N1_P0.2_B4_T0.4_S0_R5_D0.04,8.326672684688674e-17,6.661338147750939e-16,1.734723475976807e-18
focus_dev_partial_GRANT_KEEP_O1000_N2_P0.2_B4_T0.4_S0_R5_D0.04,8.326672684688674e-17,6.661338147750939e-16,1.734723475976807e-18
focus_dev_partial_GRANT_KEEP_O1001_N1_P0.2_B4_T0.4_S0_R5_D0.04,2.7755575615628914e-17,1.3322676295501878e-15,1.734723475976807e-18
focus_dev_partial_GRANT_KEEP_O1001_N2_P0.2_B4_T0.4_S0_R5_D0.04,2.47198095326695e-17,1.7763568394002505e-15,3.469446951953614e-18
focus_dev_partial_GRANT_KEEP_O1300_N1_P0.2_B4_T0.4_S0_R5_D0.04,2.2985086056692694e-17,4.440892098500626e-16,2.6020852139652106e-18
focus_dev_partial_GRANT_KEEP_O1300_N2_P0.2_B4_T0.4_S0_R5_D0.04,2.2985086056692694e-17,6.661338147750939e-16,1.734723475976807e-18
focus_dev_partial_GRANT_KEEP_O1301_N1_P0.2_B4_T0.4_S0_R5_D0.04,9.71445146547012e-17,4.440892098500626e-16,1.734723475976807e-18
focus_dev_partial_GRANT_KEEP_O1301_N2_P0.2_B4_T0.4_S0_R5_D0.04,5.854691731421724e-17,6.661338147750939e-16,8.673617379884035e-19
focus_dev_partial_COV_EVENT_O1000_N1_P0.5_B8_T1.0_S0_R5_D0.04,8.326672684688674e-17,6.661338147750939e-16,8.673617379884035e-19
focus_dev_partial_COV_EVENT_O1000_N2_P0.5_B8_T1.0_S0_R5_D0.04,8.326672684688674e-17,6.661338147750939e-16,0.0
focus_dev_partial_COV_EVENT_O1001_N1_P0.5_B8_T1.0_S0_R5_D0.04,2.7755575615628914e-17,1.7763568394002505e-15,0.0
focus_dev_partial_COV_EVENT_O1001_N2_P0.5_B8_T1.0_S0_R5_D0.04,2.47198095326695e-17,1.7763568394002505e-15,2.6020852139652106e-18
focus_dev_partial_COV_EVENT_O1300_N1_P0.5_B8_T1.0_S0_R5_D0.04,2.2985086056692694e-17,4.440892098500626e-16,8.673617379884035e-19
focus_dev_partial_COV_EVENT_O1300_N2_P0.5_B8_T1.0_S0_R5_D0.04,2.2985086056692694e-17,6.661338147750939e-16,8.673617379884035e-19
focus_dev_partial_COV_EVENT_O1301_N1_P0.5_B8_T1.0_S0_R5_D0.04,9.71445146547012e-17,4.440892098500626e-16,0.0
focus_dev_partial_COV_EVENT_O1301_N2_P0.5_B8_T1.0_S0_R5_D0.04,5.854691731421724e-17,5.551115123125783e-16,0.0
focus_dev_partial_OLD_RENEWAL_O1000_N1_P0.5_B8_T1.0_S0_R5_D0.04,8.326672684688674e-17,6.661338147750939e-16,3.469446951953614e-18
focus_dev_partial_OLD_RENEWAL_O1000_N2_P0.5_B8_T1.0_S0_R5_D0.04,8.326672684688674e-17,6.661338147750939e-16,5.204170427930421e-18
focus_dev_partial_OLD_RENEWAL_O1001_N1_P0.5_B8_T1.0_S0_R5_D0.04,2.7755575615628914e-17,1.7763568394002505e-15,5.204170427930421e-18
focus_dev_partial_OLD_RENEWAL_O1001_N2_P0.5_B8_T1.0_S0_R5_D0.04,2.47198095326695e-17,1.7763568394002505e-15,6.071532165918825e-18
focus_dev_partial_OLD_RENEWAL_O1300_N1_P0.5_B8_T1.0_S0_R5_D0.04,2.2985086056692694e-17,6.661338147750939e-16,0.0
focus_dev_partial_OLD_RENEWAL_O1300_N2_P0.5_B8_T1.0_S0_R5_D0.04,2.2985086056692694e-17,8.881784197001252e-16,5.204170427930421e-18
focus_dev_partial_OLD_RENEWAL_O1301_N1_P0.5_B8_T1.0_S0_R5_D0.04,9.71445146547012e-17,4.440892098500626e-16,0.0
focus_dev_partial_OLD_RENEWAL_O1301_N2_P0.5_B8_T1.0_S0_R5_D0.04,5.854691731421724e-17,5.551115123125783e-16,1.734723475976807e-18
focus_dev_partial_COMPAT_O1000_N1_P0.2_B4_T0.4_S0_R5_D0.04,8.326672684688674e-17,6.661338147750939e-16,1.734723475976807e-18
focus_dev_partial_COMPAT_O1000_N2_P0.2_B4_T0.4_S0_R5_D0.04,8.326672684688674e-17,6.661338147750939e-16,1.734723475976807e-18
focus_dev_partial_COMPAT_O1001_N1_P0.2_B4_T0.4_S0_R5_D0.04,2.7755575615628914e-17,1.3322676295501878e-15,1.734723475976807e-18
focus_dev_partial_COMPAT_O1001_N2_P0.2_B4_T0.4_S0_R5_D0.04,2.47198095326695e-17,1.7763568394002505e-15,3.469446951953614e-18
focus_dev_partial_COMPAT_O1300_N1_P0.2_B4_T0.4_S0_R5_D0.04,2.2985086056692694e-17,8.881784197001252e-16,8.673617379884035e-19
focus_dev_partial_COMPAT_O1300_N2_P0.2_B4_T0.4_S0_R5_D0.04,2.2985086056692694e-17,4.440892098500626e-16,3.469446951953614e-18
focus_dev_partial_COMPAT_O1301_N1_P0.2_B4_T0.4_S0_R5_D0.04,9.71445146547012e-17,4.440892098500626e-16,1.734723475976807e-18
focus_dev_partial_COMPAT_O1301_N2_P0.2_B4_T0.4_S0_R5_D0.04,5.854691731421724e-17,6.661338147750939e-16,8.673617379884035e-19
focus_dev_contention_GRANT_KEEP_O1000_N1_P0.2_B4_T0.4_S0_R5_D0.04,8.326672684688674e-17,4.440892098500626e-16,0.0
focus_dev_contention_GRANT_KEEP_O1000_N2_P0.2_B4_T0.4_S0_R5_D0.04,8.326672684688674e-17,6.661338147750939e-16,5.204170427930421e-18
focus_dev_contention_GRANT_KEEP_O1001_N1_P0.2_B4_T0.4_S0_R5_D0.04,2.7755575615628914e-17,1.7763568394002505e-15,8.673617379884035e-18
focus_dev_contention_GRANT_KEEP_O1001_N2_P0.2_B4_T0.4_S0_R5_D0.04,2.7755575615628914e-17,1.7763568394002505e-15,6.938893903907228e-18
focus_dev_contention_GRANT_KEEP_O1300_N1_P0.2_B4_T0.4_S0_R5_D0.04,2.2985086056692694e-17,6.661338147750939e-16,1.734723475976807e-18
focus_dev_contention_GRANT_KEEP_O1300_N2_P0.2_B4_T0.4_S0_R5_D0.04,2.2985086056692694e-17,6.661338147750939e-16,5.204170427930421e-18
focus_dev_contention_GRANT_KEEP_O1301_N1_P0.2_B4_T0.4_S0_R5_D0.04,9.71445146547012e-17,4.440892098500626e-16,3.469446951953614e-18
focus_dev_contention_GRANT_KEEP_O1301_N2_P0.2_B4_T0.4_S0_R5_D0.04,9.71445146547012e-17,4.440892098500626e-16,0.0
focus_dev_contention_COV_EVENT_O1000_N1_P0.2_B4_T0.4_S0_R5_D0.04,8.326672684688674e-17,8.881784197001252e-16,0.0
focus_dev_contention_COV_EVENT_O1000_N2_P0.2_B4_T0.4_S0_R5_D0.04,8.326672684688674e-17,6.661338147750939e-16,1.734723475976807e-18
focus_dev_contention_COV_EVENT_O1001_N1_P0.2_B4_T0.4_S0_R5_D0.04,2.7755575615628914e-17,1.7763568394002505e-15,8.673617379884035e-18
focus_dev_contention_COV_EVENT_O1001_N2_P0.2_B4_T0.4_S0_R5_D0.04,2.7755575615628914e-17,1.7763568394002505e-15,3.469446951953614e-18
focus_dev_contention_COV_EVENT_O1300_N1_P0.2_B4_T0.4_S0_R5_D0.04,2.2985086056692694e-17,6.661338147750939e-16,1.734723475976807e-18
focus_dev_contention_COV_EVENT_O1300_N2_P0.2_B4_T0.4_S0_R5_D0.04,2.2985086056692694e-17,8.881784197001252e-16,0.0
focus_dev_contention_COV_EVENT_O1301_N1_P0.2_B4_T0.4_S0_R5_D0.04,9.71445146547012e-17,4.440892098500626e-16,0.0
focus_dev_contention_COV_EVENT_O1301_N2_P0.2_B4_T0.4_S0_R5_D0.04,9.71445146547012e-17,4.440892098500626e-16,3.469446951953614e-18
focus_dev_contention_OLD_RENEWAL_O1000_N1_P0.5_B8_T1.0_S0_R5_D0.04,8.326672684688674e-17,6.661338147750939e-16,0.0
focus_dev_contention_OLD_RENEWAL_O1000_N2_P0.5_B8_T1.0_S0_R5_D0.04,8.326672684688674e-17,6.661338147750939e-16,6.938893903907228e-18
focus_dev_contention_OLD_RENEWAL_O1001_N1_P0.5_B8_T1.0_S0_R5_D0.04,2.7755575615628914e-17,1.7763568394002505e-15,2.2551405187698492e-17
focus_dev_contention_OLD_RENEWAL_O1001_N2_P0.5_B8_T1.0_S0_R5_D0.04,2.7755575615628914e-17,8.881784197001252e-16,3.469446951953614e-18
focus_dev_contention_OLD_RENEWAL_O1300_N1_P0.5_B8_T1.0_S0_R5_D0.04,2.2985086056692694e-17,6.661338147750939e-16,3.469446951953614e-18
focus_dev_contention_OLD_RENEWAL_O1300_N2_P0.5_B8_T1.0_S0_R5_D0.04,2.2985086056692694e-17,8.881784197001252e-16,0.0
focus_dev_contention_OLD_RENEWAL_O1301_N1_P0.5_B8_T1.0_S0_R5_D0.04,9.71445146547012e-17,4.440892098500626e-16,3.469446951953614e-18
focus_dev_contention_OLD_RENEWAL_O1301_N2_P0.5_B8_T1.0_S0_R5_D0.04,9.71445146547012e-17,4.440892098500626e-16,0.0
focus_dev_contention_COMPAT_O1000_N1_P0.2_B4_T0.4_S0_R5_D0.04,8.326672684688674e-17,4.440892098500626e-16,0.0
focus_dev_contention_COMPAT_O1000_N2_P0.2_B4_T0.4_S0_R5_D0.04,8.326672684688674e-17,6.661338147750939e-16,5.204170427930421e-18
focus_dev_contention_COMPAT_O1001_N1_P0.2_B4_T0.4_S0_R5_D0.04,2.7755575615628914e-17,1.7763568394002505e-15,8.673617379884035e-18
focus_dev_contention_COMPAT_O1001_N2_P0.2_B4_T0.4_S0_R5_D0.04,2.7755575615628914e-17,1.7763568394002505e-15,6.938893903907228e-18
focus_dev_contention_COMPAT_O1300_N1_P0.2_B4_T0.4_S0_R5_D0.04,2.2985086056692694e-17,6.661338147750939e-16,1.734723475976807e-18
focus_dev_contention_COMPAT_O1300_N2_P0.2_B4_T0.4_S0_R5_D0.04,2.2985086056692694e-17,6.661338147750939e-16,5.204170427930421e-18
focus_dev_contention_COMPAT_O1301_N1_P0.2_B4_T0.4_S0_R5_D0.04,9.71445146547012e-17,4.440892098500626e-16,3.469446951953614e-18
focus_dev_contention_COMPAT_O1301_N2_P0.2_B4_T0.4_S0_R5_D0.04,9.71445146547012e-17,4.440892098500626e-16,0.0
focus_dev_partial_PHASED_O1000_N1_P0.2_B4_T0.4_S0_R5_D0.04,8.326672684688674e-17,4.440892098500626e-16,1.734723475976807e-18
focus_dev_partial_PHASED_O1000_N2_P0.2_B4_T0.4_S0_R5_D0.04,8.326672684688674e-17,6.661338147750939e-16,0.0
focus_dev_partial_PHASED_O1300_N1_P0.2_B4_T0.4_S0_R5_D0.04,2.2985086056692694e-17,6.661338147750939e-16,0.0
focus_dev_partial_PHASED_O1300_N2_P0.2_B4_T0.4_S0_R5_D0.04,2.2985086056692694e-17,6.661338147750939e-16,8.673617379884035e-19
focus_dev_partial_GRANT_KEEP_O1000_N1_P0.2_B4_T0.4_S0_R5_D0.001,1.3877787807814457e-17,6.661338147750939e-16,3.469446951953614e-18
focus_dev_partial_GRANT_KEEP_O1300_N1_P0.2_B4_T0.4_S0_R5_D0.001,2.2985086056692694e-17,6.661338147750939e-16,3.469446951953614e-18
focus_dev_partial_COV_EVENT_O1000_N1_P0.5_B8_T1.0_S0_R5_D0.001,2.0816681711721685e-17,6.661338147750939e-16,1.734723475976807e-18
focus_dev_partial_COV_EVENT_O1300_N1_P0.5_B8_T1.0_S0_R5_D0.001,2.2985086056692694e-17,8.881784197001252e-16,2.6020852139652106e-18
focus_dev_partial_OLD_RENEWAL_O1000_N1_P0.5_B8_T1.0_S0_R5_D0.001,2.0816681711721685e-17,6.661338147750939e-16,3.469446951953614e-18
focus_dev_partial_OLD_RENEWAL_O1300_N1_P0.5_B8_T1.0_S0_R5_D0.001,2.2985086056692694e-17,6.661338147750939e-16,1.734723475976807e-18
focus_dev_partial_COMPAT_O1000_N1_P0.2_B4_T0.4_S0_R5_D0.001,1.3877787807814457e-17,6.661338147750939e-16,3.469446951953614e-18
focus_dev_partial_COMPAT_O1300_N1_P0.2_B4_T0.4_S0_R5_D0.001,2.2985086056692694e-17,6.661338147750939e-16,0.0
