tag,environment,policy,updates,identical_updates,strict_improvements,equal_cost_updates,equivalent_current_actions,harmful_possible_updates,mixed_version_seconds,mixed_code_seconds,harmful_seconds,harmful_within_latest_two_seconds,filter_crosscheck_max_error,mean_signed_vs_new,mean_excess_both,mean_positive_excess,outside_latest_two_seconds,expired_source_seconds,mask_counts
focus_dev_reliable_GRANT_KEEP_O1000_N1_P0.5_B4_T1.0_S0_R5_D0.04,reliable,GRANT_KEEP,40,32,8,32,32,0,0.0,0.0,0.0,0.0,6.938893903907228e-18,0.0,-0.001844546068643016,0.0,0.0,0.30000000000000004,"[0, 0, 0, 0, 0, 0, 0, 40]"
focus_dev_reliable_GRANT_KEEP_O1000_N2_P0.5_B4_T1.0_S0_R5_D0.04,reliable,GRANT_KEEP,40,32,8,32,32,0,0.0,0.0,0.0,0.0,6.938893903907228e-18,0.0,-0.0018441179383929284,0.0,0.0,0.30000000000000004,"[0, 0, 0, 0, 0, 0, 0, 40]"
focus_dev_reliable_GRANT_KEEP_O1001_N1_P0.5_B4_T1.0_S0_R5_D0.04,reliable,GRANT_KEEP,40,29,11,29,29,0,0.0,0.0,0.0,0.0,1.0842021724855044e-17,0.0,-0.003614243989227465,0.0,0.0,0.30000000000000004,"[0, 0, 0, 0, 0, 0, 0, 40]"
focus_dev_reliable_GRANT_KEEP_O1001_N2_P0.5_B4_T1.0_S0_R5_D0.04,reliable,GRANT_KEEP,40,29,11,29,29,0,0.0,0.0,0.0,0.0,2.7755575615628914e-17,0.0,-0.0036142439892274648,0.0,0.0,0.30000000000000004,"[0, 0, 0, 0, 0, 0, 0, 40]"
focus_dev_reliable_GRANT_KEEP_O1300_N1_P0.5_B4_T1.0_S0_R5_D0.04,reliable,GRANT_KEEP,40,15,25,15,15,0,0.0,0.0,0.0,0.0,1.3877787807814457e-17,0.0,-0.002629066041394385,0.0,0.0,0.30000000000000004,"[0, 0, 0, 0, 0, 0, 0, 40]"
focus_dev_reliable_GRANT_KEEP_O1300_N2_P0.5_B4_T1.0_S0_R5_D0.04,reliable,GRANT_KEEP,40,15,25,15,15,0,0.0,0.0,0.0,0.0,2.2985086056692694e-17,0.0,-0.002629006396680264,0.0,0.0,0.30000000000000004,"[0, 0, 0, 0, 0, 0, 0, 40]"
focus_dev_reliable_GRANT_KEEP_O1301_N1_P0.5_B4_T1.0_S0_R5_D0.04,reliable,GRANT_KEEP,40,32,8,32,32,0,0.0,0.0,0.0,0.0,5.854691731421724e-17,0.0,-0.00231198996647616,0.0,0.0,0.30000000000000004,"[0, 0, 0, 0, 0, 0, 0, 40]"
focus_dev_reliable_GRANT_KEEP_O1301_N2_P0.5_B4_T1.0_S0_R5_D0.04,reliable,GRANT_KEEP,40,32,8,32,32,0,0.0,0.0,0.0,0.0,9.71445146547012e-17,0.0,-0.002228041424674917,0.0,0.0,0.30000000000000004,"[0, 0, 0, 0, 0, 0, 0, 40]"
focus_dev_reliable_COV_EVENT_O1000_N1_P0.5_B4_T1.0_S0_R5_D0.04,reliable,COV_EVENT,53,21,30,21,34,0,0.0,0.0,0.0,0.0,1.0408340855860843e-17,0.0,-0.0019777247730258163,0.0,0.0,0.30000000000000004,"[0, 0, 0, 0, 0, 0, 0, 53]"
focus_dev_reliable_COV_EVENT_O1000_N2_P0.5_B4_T1.0_S0_R5_D0.04,reliable,COV_EVENT,53,21,30,21,34,0,0.0,0.0,0.0,0.0,1.0408340855860843e-17,0.0,-0.0019777023644140853,0.0,0.0,0.30000000000000004,"[0, 0, 0, 0, 0, 0, 0, 53]"
focus_dev_reliable_COV_EVENT_O1001_N1_P0.5_B4_T1.0_S0_R5_D0.04,reliable,COV_EVENT,50,28,18,28,32,0,0.0,0.0,0.0,0.0,1.0842021724855044e-17,0.0,-0.002418525181175908,0.0,0.0,0.30000000000000004,"[0, 0, 0, 0, 0, 0, 0, 50]"
focus_dev_reliable_COV_EVENT_O1001_N2_P0.5_B4_T1.0_S0_R5_D0.04,reliable,COV_EVENT,50,28,18,28,32,0,0.0,0.0,0.0,0.0,2.7755575615628914e-17,0.0,-0.002418525181175881,0.0,0.0,0.30000000000000004,"[0, 0, 0, 0, 0, 0, 0, 50]"
focus_dev_reliable_COV_EVENT_O1300_N1_P0.5_B4_T1.0_S0_R5_D0.04,reliable,COV_EVENT,57,18,34,18,36,5,0.0,0.0,0.0,0.0,1.3010426069826053e-17,0.0,-0.0010833397012839881,0.0,0.0,0.30000000000000004,"[0, 0, 0, 0, 0, 0, 0, 57]"
focus_dev_reliable_COV_EVENT_O1300_N2_P0.5_B4_T1.0_S0_R5_D0.04,reliable,COV_EVENT,57,18,34,18,36,5,0.0,0.0,0.0,0.0,2.2985086056692694e-17,0.0,-0.001083280258162604,0.0,0.0,0.30000000000000004,"[0, 0, 0, 0, 0, 0, 0, 57]"
focus_dev_reliable_COV_EVENT_O1301_N1_P0.5_B4_T1.0_S0_R5_D0.04,reliable,COV_EVENT,57,46,8,46,49,0,0.0,0.0,0.0,0.0,5.854691731421724e-17,0.0,-0.0012795608104501294,0.0,0.0,0.30000000000000004,"[0, 0, 0, 0, 0, 0, 0, 57]"
focus_dev_reliable_COV_EVENT_O1301_N2_P0.5_B4_T1.0_S0_R5_D0.04,reliable,COV_EVENT,57,46,8,46,49,0,0.0,0.0,0.0,0.0,9.71445146547012e-17,0.0,-0.0012453447737972843,0.0,0.0,0.30000000000000004,"[0, 0, 0, 0, 0, 0, 0, 57]"
focus_dev_reliable_OLD_RENEWAL_O1000_N1_P0.5_B8_T1.0_S0_R5_D0.04,reliable,OLD_RENEWAL,100,91,9,91,92,0,0.0,0.0,0.0,0.0,2.0816681711721685e-17,0.0,-0.0006992981773909953,0.0,0.0,0.30000000000000004,"[0, 0, 0, 0, 0, 0, 0, 100]"
focus_dev_reliable_OLD_RENEWAL_O1000_N2_P0.5_B8_T1.0_S0_R5_D0.04,reliable,OLD_RENEWAL,100,91,9,91,92,0,0.0,0.0,0.0,0.0,2.0816681711721685e-17,0.0,-0.0006992757687792638,0.0,0.0,0.30000000000000004,"[0, 0, 0, 0, 0, 0, 0, 100]"
focus_dev_reliable_OLD_RENEWAL_O1001_N1_P0.5_B8_T1.0_S0_R5_D0.04,reliable,OLD_RENEWAL,100,88,12,88,88,0,0.0,0.0,0.0,0.0,1.3877787807814457e-17,0.0,-0.0016493489137436768,0.0,0.0,0.30000000000000004,"[0, 0, 0, 0, 0, 0, 0, 100]"
focus_dev_reliable_OLD_RENEWAL_O1001_N2_P0.5_B8_T1.0_S0_R5_D0.04,reliable,OLD_RENEWAL,100,88,12,88,88,0,0.0,0.0,0.0,0.0,2.7755575615628914e-17,0.0,-0.0016493489137436761,0.0,0.0,0.30000000000000004,"[0, 0, 0, 0, 0, 0, 0, 100]"
focus_dev_reliable_OLD_RENEWAL_O1300_N1_P0.5_B8_T1.0_S0_R5_D0.04,reliable,OLD_RENEWAL,100,87,12,87,92,0,0.0,0.0,0.1,0.0,1.3877787807814457e-17,2.605212373098253e-05,-0.0005322829013427128,1.2371828087001795e-05,0.1,0.6000000000000001,"[0, 0, 0, 0, 0, 0, 0, 100]"
focus_dev_reliable_OLD_RENEWAL_O1300_N2_P0.5_B8_T1.0_S0_R5_D0.04,reliable,OLD_RENEWAL,100,87,12,87,92,0,0.0,0.0,0.1,0.0,2.2985086056692694e-17,2.605212373098253e-05,-0.0005322234582213287,1.2371828087001795e-05,0.1,0.6000000000000001,"[0, 0, 0, 0, 0, 0, 0, 100]"
focus_dev_reliable_OLD_RENEWAL_O1301_N1_P0.5_B8_T1.0_S0_R5_D0.04,reliable,OLD_RENEWAL,100,89,11,89,93,0,0.0,0.0,0.0,0.0,5.854691731421724e-17,0.0,-0.0007631801683348313,0.0,0.0,0.30000000000000004,"[0, 0, 0, 0, 0, 0, 0, 100]"
focus_dev_reliable_OLD_RENEWAL_O1301_N2_P0.5_B8_T1.0_S0_R5_D0.04,reliable,OLD_RENEWAL,100,89,11,89,93,0,0.0,0.0,0.0,0.0,9.71445146547012e-17,0.0,-0.0007289641316819862,0.0,0.0,0.30000000000000004,"[0, 0, 0, 0, 0, 0, 0, 100]"
focus_dev_reliable_COMPAT_O1000_N1_P0.5_B4_T1.0_S0_R5_D0.04,reliable,COMPAT,40,32,8,32,32,0,0.0,0.0,0.0,0.0,6.938893903907228e-18,0.0,-0.001844546068643016,0.0,0.0,0.30000000000000004,"[0, 0, 0, 0, 0, 0, 0, 40]"
focus_dev_reliable_COMPAT_O1000_N2_P0.5_B4_T1.0_S0_R5_D0.04,reliable,COMPAT,40,32,8,32,32,0,0.0,0.0,0.0,0.0,6.938893903907228e-18,0.0,-0.0018441179383929284,0.0,0.0,0.30000000000000004,"[0, 0, 0, 0, 0, 0, 0, 40]"
focus_dev_reliable_COMPAT_O1001_N1_P0.5_B4_T1.0_S0_R5_D0.04,reliable,COMPAT,40,29,11,29,29,0,0.0,0.0,0.0,0.0,1.0842021724855044e-17,0.0,-0.003614243989227465,0.0,0.0,0.30000000000000004,"[0, 0, 0, 0, 0, 0, 0, 40]"
focus_dev_reliable_COMPAT_O1001_N2_P0.5_B4_T1.0_S0_R5_D0.04,reliable,COMPAT,40,29,11,29,29,0,0.0,0.0,0.0,0.0,2.7755575615628914e-17,0.0,-0.0036142439892274648,0.0,0.0,0.30000000000000004,"[0, 0, 0, 0, 0, 0, 0, 40]"
focus_dev_reliable_COMPAT_O1300_N1_P0.5_B4_T1.0_S0_R5_D0.04,reliable,COMPAT,40,19,21,19,19,0,0.0,0.0,0.0,0.0,1.3010426069826053e-17,0.0,-0.002325522659683185,0.0,0.0,0.30000000000000004,"[0, 0, 0, 0, 0, 0, 0, 40]"
focus_dev_reliable_COMPAT_O1300_N2_P0.5_B4_T1.0_S0_R5_D0.04,reliable,COMPAT,40,19,21,19,19,0,0.0,0.0,0.0,0.0,2.2985086056692694e-17,0.0,-0.002325463014969064,0.0,0.0,0.30000000000000004,"[0, 0, 0, 0, 0, 0, 0, 40]"
focus_dev_reliable_COMPAT_O1301_N1_P0.5_B4_T1.0_S0_R5_D0.04,reliable,COMPAT,40,32,8,32,32,0,0.0,0.0,0.0,0.0,5.854691731421724e-17,0.0,-0.00231198996647616,0.0,0.0,0.30000000000000004,"[0, 0, 0, 0, 0, 0, 0, 40]"
focus_dev_reliable_COMPAT_O1301_N2_P0.5_B4_T1.0_S0_R5_D0.04,reliable,COMPAT,40,32,8,32,32,0,0.0,0.0,0.0,0.0,9.71445146547012e-17,0.0,-0.002228041424674917,0.0,0.0,0.30000000000000004,"[0, 0, 0, 0, 0, 0, 0, 40]"
focus_dev_partial_GRANT_KEEP_O1000_N1_P0.2_B4_T0.4_S0_R5_D0.04,partial,GRANT_KEEP,100,88,12,88,88,0,6.5,5.300000000000001,4.7,0.0,8.326672684688674e-17,0.001387698847045033,0.00023318136978368946,0.0013664082781924456,5.0,6.1000000000000005,"[0, 5, 4, 26, 0, 4, 0, 61]"
focus_dev_partial_GRANT_KEEP_O1000_N2_P0.2_B4_T0.4_S0_R5_D0.04,partial,GRANT_KEEP,100,88,12,88,88,0,5.7,4.6000000000000005,2.9000000000000004,0.0,8.326672684688674e-17,0.0009816411412935486,-0.00019416990100558354,0.0009380243247640586,3.1,5.300000000000001,"[0, 4, 3, 15, 0, 8, 5, 65]"
focus_dev_partial_GRANT_KEEP_O1001_N1_P0.2_B4_T0.4_S0_R5_D0.04,partial,GRANT_KEEP,100,88,12,88,88,0,6.0,4.7,2.5,0.0,2.7755575615628914e-17,0.000774475529096307,-0.0012499857102729166,0.0006784212517087572,2.9000000000000004,4.9,"[0, 1, 0, 29, 0, 7, 0, 63]"
focus_dev_partial_GRANT_KEEP_O1001_N2_P0.2_B4_T0.4_S0_R5_D0.04,partial,GRANT_KEEP,100,88,12,88,88,0,7.7,6.6000000000000005,3.4000000000000004,0.0,2.47198095326695e-17,0.001261790375766515,-0.0009396427908289722,0.0009223474165845139,4.0,6.7,"[0, 3, 0, 24, 0, 17, 2, 54]"
focus_dev_partial_GRANT_KEEP_O1300_N1_P0.2_B4_T0.4_S0_R5_D0.04,partial,GRANT_KEEP,100,61,38,61,61,0,8.9,8.0,4.9,0.0,2.2985086056692694e-17,0.001668751881661987,5.690605037665372e-05,0.001407896221965399,5.4,8.700000000000001,"[0, 12, 0, 29, 0, 9, 0, 50]"
focus_dev_partial_GRANT_KEEP_O1300_N2_P0.2_B4_T0.4_S0_R5_D0.04,partial,GRANT_KEEP,100,63,36,63,63,0,8.4,7.4,3.8000000000000003,0.0,2.2985086056692694e-17,0.0012443751326323626,-0.0002861875200856511,0.0010733062253491918,4.800000000000001,7.7,"[0, 6, 0, 28, 0, 12, 4, 50]"
focus_dev_partial_GRANT_KEEP_O1301_N1_P0.2_B4_T0.4_S0_R5_D0.04,partial,GRANT_KEEP,100,92,8,92,92,0,8.4,7.0,4.1000000000000005,0.0,9.71445146547012e-17,0.0013947672545952994,0.0003190805762748118,0.0011550877205121716,4.6000000000000005,7.7,"[0, 5, 1, 30, 0, 10, 3, 51]"
focus_dev_partial_GRANT_KEEP_O1301_N2_P0.2_B4_T0.4_S0_R5_D0.04,partial,GRANT_KEEP,100,92,8,92,92,0,11.0,9.8,7.0,0.0,5.854691731421724e-17,0.002141256001255098,0.0009649228128533044,0.0020284363806930233,7.5,9.9,"[0, 5, 2, 40, 0, 10, 6, 37]"
focus_dev_partial_COV_EVENT_O1000_N1_P0.5_B8_T1.0_S0_R5_D0.04,partial,COV_EVENT,54,22,31,22,36,0,9.1,7.6000000000000005,1.6,0.0,8.326672684688674e-17,0.0009275286481270059,-0.001176116975993768,0.0005383030459063102,1.8,3.3000000000000003,"[0, 2, 2, 17, 0, 10, 1, 22]"
focus_dev_partial_COV_EVENT_O1000_N2_P0.5_B8_T1.0_S0_R5_D0.04,partial,COV_EVENT,56,22,28,22,40,0,6.1000000000000005,4.6000000000000005,0.2,0.0,8.326672684688674e-17,0.00043855548279505776,-0.0013200575457117708,4.219723692495479e-05,0.9,1.0,"[0, 0, 4, 14, 0, 8, 0, 30]"
focus_dev_partial_COV_EVENT_O1001_N1_P0.5_B8_T1.0_S0_R5_D0.04,partial,COV_EVENT,50,28,20,28,32,0,8.9,6.2,3.4000000000000004,0.0,2.7755575615628914e-17,0.0012429497880732593,-0.0017186735548133838,0.000854000694070709,4.3,4.9,"[0, 1, 0, 25, 0, 3, 2, 19]"
focus_dev_partial_COV_EVENT_O1001_N2_P0.5_B8_T1.0_S0_R5_D0.04,partial,COV_EVENT,50,28,18,28,32,0,6.9,5.0,3.5,0.0,2.47198095326695e-17,0.0010641708888068856,-0.0016858734911253243,0.0009007364363176451,4.2,4.800000000000001,"[0, 7, 0, 9, 0, 4, 1, 29]"
focus_dev_partial_COV_EVENT_O1300_N1_P0.5_B8_T1.0_S0_R5_D0.04,partial,COV_EVENT,53,21,30,21,33,0,8.4,6.300000000000001,1.5,0.0,2.2985086056692694e-17,0.0008650708098890747,-0.0009038086569113804,0.0004555234591183441,1.5,3.1,"[0, 6, 0, 16, 0, 9, 0, 22]"
focus_dev_partial_COV_EVENT_O1300_N2_P0.5_B8_T1.0_S0_R5_D0.04,partial,COV_EVENT,54,19,34,19,34,0,6.2,4.2,1.5,0.0,2.2985086056692694e-17,0.0008363165928143676,-0.0009641797147726418,0.0004537507933891329,1.6,2.0,"[0, 0, 0, 19, 0, 4, 0, 31]"
focus_dev_partial_COV_EVENT_O1301_N1_P0.5_B8_T1.0_S0_R5_D0.04,partial,COV_EVENT,57,25,27,25,39,0,5.5,3.2,1.0,0.0,9.71445146547012e-17,0.0002951624702577828,-0.0014842375244309058,0.0002313663226064886,1.1,1.8,"[0, 0, 0, 14, 0, 6, 2, 35]"
focus_dev_partial_COV_EVENT_O1301_N2_P0.5_B8_T1.0_S0_R5_D0.04,partial,COV_EVENT,57,22,33,22,37,0,7.300000000000001,4.5,1.7000000000000002,0.0,5.854691731421724e-17,0.0006946894793066397,-0.0013773113633711686,0.0003763124382972409,2.3000000000000003,3.3000000000000003,"[0, 6, 0, 20, 1, 1, 1, 28]"
focus_dev_partial_OLD_RENEWAL_O1000_N1_P0.5_B8_T1.0_S0_R5_D0.04,partial,OLD_RENEWAL,100,90,10,90,91,0,6.800000000000001,0.7000000000000001,0.0,0.0,8.326672684688674e-17,8.55794520579472e-05,-0.0006612643791846373,0.0,0.0,0.30000000000000004,"[0, 7, 2, 23, 0, 8, 1, 59]"
focus_dev_partial_OLD_RENEWAL_O1000_N2_P0.5_B8_T1.0_S0_R5_D0.04,partial,OLD_RENEWAL,100,90,10,90,91,0,8.5,3.1,1.9000000000000001,0.0,8.326672684688674e-17,0.0005847003717151876,-0.00013367226592015565,0.0005254369804065096,1.9000000000000001,2.1,"[0, 7, 2, 33, 0, 7, 0, 51]"
focus_dev_partial_OLD_RENEWAL_O1001_N1_P0.5_B8_T1.0_S0_R5_D0.04,partial,OLD_RENEWAL,100,88,12,88,88,0,11.3,4.2,2.6,0.0,2.7755575615628914e-17,0.0007134742511369255,-0.0010501973847762125,0.0007534585160871849,3.2,3.7,"[4, 7, 5, 45, 0, 2, 0, 37]"
focus_dev_partial_OLD_RENEWAL_O1001_N2_P0.5_B8_T1.0_S0_R5_D0.04,partial,OLD_RENEWAL,100,88,12,88,88,0,7.9,2.1,0.9,0.0,2.47198095326695e-17,0.001084415744209788,-0.0009317558580812251,0.0003870750373082214,1.1,0.9,"[0, 10, 0, 23, 0, 12, 0, 55]"
focus_dev_partial_OLD_RENEWAL_O1300_N1_P0.5_B8_T1.0_S0_R5_D0.04,partial,OLD_RENEWAL,100,88,11,88,93,0,9.600000000000001,2.8000000000000003,1.5,0.0,2.2985086056692694e-17,0.0004837265942452399,-0.00010086410636361978,0.00040853866961117294,1.5,3.0,"[0, 6, 4, 38, 0, 7, 0, 45]"
focus_dev_partial_OLD_RENEWAL_O1300_N2_P0.5_B8_T1.0_S0_R5_D0.04,partial,OLD_RENEWAL,100,87,12,87,91,0,5.5,0.8,0.2,0.0,2.2985086056692694e-17,0.000260886067140744,-0.00034876717966744313,8.400649205510956e-05,0.30000000000000004,0.6000000000000001,"[0, 4, 2, 21, 0, 7, 0, 66]"
focus_dev_partial_OLD_RENEWAL_O1301_N1_P0.5_B8_T1.0_S0_R5_D0.04,partial,OLD_RENEWAL,100,90,10,90,91,0,7.2,1.0,0.6000000000000001,0.0,9.71445146547012e-17,0.0002942293869668678,-0.0005833434679000004,0.00018749017874000444,0.6000000000000001,0.7000000000000001,"[0, 1, 0, 32, 0, 11, 0, 56]"
focus_dev_partial_OLD_RENEWAL_O1301_N2_P0.5_B8_T1.0_S0_R5_D0.04,partial,OLD_RENEWAL,100,90,10,90,92,0,7.300000000000001,1.0,0.2,0.0,5.854691731421724e-17,0.00036962148808526984,-0.0004772286278202362,0.00014547037593180478,0.2,0.30000000000000004,"[0, 1, 2, 36, 0, 5, 0, 56]"
focus_dev_partial_COMPAT_O1000_N1_P0.2_B4_T0.4_S0_R5_D0.04,partial,COMPAT,100,88,12,88,88,0,6.5,5.300000000000001,4.7,0.0,8.326672684688674e-17,0.001387698847045033,0.00023318136978368946,0.0013664082781924456,5.0,6.1000000000000005,"[0, 5, 4, 26, 0, 4, 0, 61]"
focus_dev_partial_COMPAT_O1000_N2_P0.2_B4_T0.4_S0_R5_D0.04,partial,COMPAT,100,88,12,88,88,0,5.7,4.6000000000000005,2.9000000000000004,0.0,8.326672684688674e-17,0.0009816411412935486,-0.00019416990100558354,0.0009380243247640586,3.1,5.300000000000001,"[0, 4, 3, 15, 0, 8, 5, 65]"
focus_dev_partial_COMPAT_O1001_N1_P0.2_B4_T0.4_S0_R5_D0.04,partial,COMPAT,100,88,12,88,88,0,6.0,4.7,2.5,0.0,2.7755575615628914e-17,0.000774475529096307,-0.0012499857102729166,0.0006784212517087572,2.9000000000000004,4.9,"[0, 1, 0, 29, 0, 7, 0, 63]"
focus_dev_partial_COMPAT_O1001_N2_P0.2_B4_T0.4_S0_R5_D0.04,partial,COMPAT,100,88,12,88,88,0,7.7,6.6000000000000005,3.4000000000000004,0.0,2.47198095326695e-17,0.001261790375766515,-0.0009396427908289722,0.0009223474165845139,4.0,6.7,"[0, 3, 0, 24, 0, 17, 2, 54]"
focus_dev_partial_COMPAT_O1300_N1_P0.2_B4_T0.4_S0_R5_D0.04,partial,COMPAT,100,71,29,71,71,0,9.700000000000001,8.4,5.4,0.0,2.2985086056692694e-17,0.0017250304472550104,0.00040402144344309004,0.0014808736320688443,6.4,8.3,"[0, 2, 2, 44, 1, 4, 5, 42]"
focus_dev_partial_COMPAT_O1300_N2_P0.2_B4_T0.4_S0_R5_D0.04,partial,COMPAT,100,69,30,69,69,0,8.8,7.300000000000001,3.4000000000000004,0.0,2.2985086056692694e-17,0.0013620895298042052,3.4144187359185767e-05,0.0011134890298786992,3.7,8.5,"[2, 6, 1, 22, 0, 20, 2, 47]"
focus_dev_partial_COMPAT_O1301_N1_P0.2_B4_T0.4_S0_R5_D0.04,partial,COMPAT,100,92,8,92,92,0,8.4,7.0,4.1000000000000005,0.0,9.71445146547012e-17,0.0013947672545952994,0.0003190805762748118,0.0011550877205121716,4.6000000000000005,7.7,"[0, 5, 1, 30, 0, 10, 3, 51]"
focus_dev_partial_COMPAT_O1301_N2_P0.2_B4_T0.4_S0_R5_D0.04,partial,COMPAT,100,92,8,92,92,0,11.0,9.8,7.0,0.0,5.854691731421724e-17,0.002141256001255098,0.0009649228128533044,0.0020284363806930233,7.5,9.9,"[0, 5, 2, 40, 0, 10, 6, 37]"
focus_dev_contention_GRANT_KEEP_O1000_N1_P0.2_B4_T0.4_S0_R5_D0.04,contention,GRANT_KEEP,100,88,12,88,88,0,11.8,5.800000000000001,12.8,0.0,8.326672684688674e-17,0.006566119687209921,0.005451379802599448,0.006176387929352125,14.0,34.300000000000004,"[86, 3, 0, 2, 0, 2, 0, 7]"
focus_dev_contention_GRANT_KEEP_O1000_N2_P0.2_B4_T0.4_S0_R5_D0.04,contention,GRANT_KEEP,100,88,12,88,88,1,11.8,5.1000000000000005,15.700000000000001,0.0,8.326672684688674e-17,0.008255239446516772,0.006947820141429955,0.007809791840962326,17.2,44.5,"[86, 4, 1, 3, 0, 3, 0, 3]"
focus_dev_contention_GRANT_KEEP_O1001_N1_P0.2_B4_T0.4_S0_R5_D0.04,contention,GRANT_KEEP,100,88,12,88,88,0,7.5,5.4,12.9,0.0,2.7755575615628914e-17,0.007000819789182025,0.004648131163744591,0.00600809522200458,14.600000000000001,38.1,"[87, 3, 0, 3, 0, 2, 0, 5]"
focus_dev_contention_GRANT_KEEP_O1001_N2_P0.2_B4_T0.4_S0_R5_D0.04,contention,GRANT_KEEP,100,88,12,88,88,1,11.9,4.7,14.3,0.0,2.7755575615628914e-17,0.007495626713913235,0.005146759287065492,0.006565365577485232,16.2,44.800000000000004,"[86, 4, 1, 3, 0, 4, 0, 2]"
focus_dev_contention_GRANT_KEEP_O1300_N1_P0.2_B4_T0.4_S0_R5_D0.04,contention,GRANT_KEEP,100,84,16,84,84,1,12.700000000000001,6.5,14.0,0.0,2.2985086056692694e-17,0.006996873398218837,0.005941912508574421,0.00629563269413472,14.9,36.6,"[85, 1, 0, 4, 0, 6, 0, 4]"
focus_dev_contention_GRANT_KEEP_O1300_N2_P0.2_B4_T0.4_S0_R5_D0.04,contention,GRANT_KEEP,100,86,12,86,86,0,15.0,5.9,14.8,0.0,2.2985086056692694e-17,0.007433590755608743,0.006629046991588682,0.0070435950915216615,15.5,41.800000000000004,"[85, 7, 0, 2, 0, 3, 0, 3]"
focus_dev_contention_GRANT_KEEP_O1301_N1_P0.2_B4_T0.4_S0_R5_D0.04,contention,GRANT_KEEP,100,92,8,92,92,0,10.200000000000001,7.1000000000000005,13.0,0.0,9.71445146547012e-17,0.006886580656129788,0.005860676569186894,0.0063492569338499585,13.700000000000001,36.1,"[85, 3, 0, 4, 0, 2, 0, 6]"
focus_dev_contention_GRANT_KEEP_O1301_N2_P0.2_B4_T0.4_S0_R5_D0.04,contention,GRANT_KEEP,100,92,8,92,92,2,10.4,4.2,14.8,0.0,9.71445146547012e-17,0.007795608014655397,0.006785065591092007,0.007192749536874468,15.8,43.6,"[86, 4, 0, 1, 1, 3, 1, 4]"
focus_dev_contention_COV_EVENT_O1000_N1_P0.2_B4_T0.4_S0_R5_D0.04,contention,COV_EVENT,100,79,19,79,84,0,8.0,5.6000000000000005,13.0,0.0,8.326672684688674e-17,0.0066054931315423894,0.0053004178980640936,0.0060603965180728685,14.3,34.9,"[84, 3, 0, 5, 0, 2, 0, 6]"
focus_dev_contention_COV_EVENT_O1000_N2_P0.2_B4_T0.4_S0_R5_D0.04,contention,COV_EVENT,100,78,21,78,85,0,14.5,7.300000000000001,14.100000000000001,0.0,8.326672684688674e-17,0.007270774673438175,0.005810551815711049,0.006605331819059137,15.100000000000001,36.7,"[74, 13, 0, 4, 0, 4, 0, 5]"
focus_dev_contention_COV_EVENT_O1001_N1_P0.2_B4_T0.4_S0_R5_D0.04,contention,COV_EVENT,100,82,18,82,85,0,7.5,5.4,12.700000000000001,0.0,2.7755575615628914e-17,0.006889541344874853,0.004427941157249689,0.005810901300176933,14.600000000000001,38.1,"[87, 3, 0, 3, 0, 2, 0, 5]"
focus_dev_contention_COV_EVENT_O1001_N2_P0.2_B4_T0.4_S0_R5_D0.04,contention,COV_EVENT,100,82,17,82,85,1,14.200000000000001,6.2,14.5,0.0,2.7755575615628914e-17,0.007890514346448566,0.005317568882888944,0.00655686028659598,16.6,43.7,"[79, 11, 0, 1, 0, 5, 0, 4]"
focus_dev_contention_COV_EVENT_O1300_N1_P0.2_B4_T0.4_S0_R5_D0.04,contention,COV_EVENT,100,81,18,81,90,3,14.4,6.6000000000000005,14.3,0.0,2.2985086056692694e-17,0.007190822600737728,0.006260161599940619,0.006580919050521262,14.700000000000001,37.0,"[87, 4, 0, 1, 0, 2, 0, 6]"
focus_dev_contention_COV_EVENT_O1300_N2_P0.2_B4_T0.4_S0_R5_D0.04,contention,COV_EVENT,100,87,11,87,90,3,14.8,6.9,13.9,0.0,2.2985086056692694e-17,0.006952463735887525,0.006192903734793211,0.006579065061558234,14.5,37.9,"[75, 12, 0, 5, 0, 5, 0, 3]"
focus_dev_contention_COV_EVENT_O1301_N1_P0.2_B4_T0.4_S0_R5_D0.04,contention,COV_EVENT,100,90,9,90,91,0,12.3,5.6000000000000005,13.200000000000001,0.0,9.71445146547012e-17,0.0068228506926146905,0.005704812367603177,0.006284721439548265,13.8,36.7,"[85, 2, 1, 4, 0, 2, 0, 6]"
focus_dev_contention_COV_EVENT_O1301_N2_P0.2_B4_T0.4_S0_R5_D0.04,contention,COV_EVENT,100,90,10,90,91,2,14.0,6.0,15.8,0.0,9.71445146547012e-17,0.007939649011482116,0.006804899927184575,0.007331163252235144,16.7,44.300000000000004,"[79, 12, 0, 1, 0, 4, 0, 4]"
focus_dev_contention_OLD_RENEWAL_O1000_N1_P0.5_B8_T1.0_S0_R5_D0.04,contention,OLD_RENEWAL,100,92,8,92,93,0,12.0,5.1000000000000005,6.6000000000000005,0.0,8.326672684688674e-17,0.0023146454869260153,0.0014777428858515026,0.0020647853447214094,7.4,12.9,"[89, 3, 0, 2, 0, 2, 0, 4]"
focus_dev_contention_OLD_RENEWAL_O1000_N2_P0.5_B8_T1.0_S0_R5_D0.04,contention,OLD_RENEWAL,100,92,8,92,93,0,12.5,6.300000000000001,10.600000000000001,0.0,8.326672684688674e-17,0.004516081376258542,0.003708005544354014,0.004150232846880943,10.9,19.200000000000003,"[86, 4, 0, 1, 0, 6, 0, 3]"
focus_dev_contention_OLD_RENEWAL_O1001_N1_P0.5_B8_T1.0_S0_R5_D0.04,contention,OLD_RENEWAL,100,88,12,88,88,0,12.700000000000001,7.2,7.800000000000001,0.0,2.7755575615628914e-17,0.00447700216448431,0.0024447568068573884,0.0037556210381217234,10.8,19.1,"[89, 3, 0, 2, 0, 2, 0, 4]"
focus_dev_contention_OLD_RENEWAL_O1001_N2_P0.5_B8_T1.0_S0_R5_D0.04,contention,OLD_RENEWAL,100,88,12,88,88,0,12.4,7.1000000000000005,7.300000000000001,0.0,2.7755575615628914e-17,0.004886187945087462,0.002808728801823517,0.003973844805914586,9.3,18.8,"[86, 2, 0, 3, 0, 6, 0, 3]"
focus_dev_contention_OLD_RENEWAL_O1300_N1_P0.5_B8_T1.0_S0_R5_D0.04,contention,OLD_RENEWAL,100,91,9,91,93,0,14.8,8.9,11.0,0.0,2.2985086056692694e-17,0.004267106395544012,0.0036172008876018944,0.003940698862287243,11.9,17.5,"[87, 5, 0, 1, 0, 2, 0, 5]"
focus_dev_contention_OLD_RENEWAL_O1300_N2_P0.5_B8_T1.0_S0_R5_D0.04,contention,OLD_RENEWAL,100,88,12,88,90,0,12.5,5.1000000000000005,9.4,0.0,2.2985086056692694e-17,0.004455557271171234,0.003694866584460318,0.003861715343588513,9.8,18.900000000000002,"[86, 6, 0, 4, 0, 2, 0, 2]"
focus_dev_contention_OLD_RENEWAL_O1301_N1_P0.5_B8_T1.0_S0_R5_D0.04,contention,OLD_RENEWAL,100,91,9,91,93,0,10.8,3.6,5.9,0.0,9.71445146547012e-17,0.00394734866854929,0.0029403661346238483,0.0033494186675810216,6.4,13.200000000000001,"[89, 3, 0, 2, 0, 2, 0, 4]"
focus_dev_contention_OLD_RENEWAL_O1301_N2_P0.5_B8_T1.0_S0_R5_D0.04,contention,OLD_RENEWAL,100,90,10,90,93,0,13.5,7.9,9.5,0.0,9.71445146547012e-17,0.0035307946964371027,0.0025843418805411794,0.00324427422773632,11.3,23.0,"[85, 3, 0, 1, 0, 6, 0, 5]"
focus_dev_contention_COMPAT_O1000_N1_P0.2_B4_T0.4_S0_R5_D0.04,contention,COMPAT,100,88,12,88,88,0,11.8,5.800000000000001,12.8,0.0,8.326672684688674e-17,0.006566119687209921,0.005451379802599448,0.006176387929352125,14.0,34.300000000000004,"[86, 3, 0, 2, 0, 2, 0, 7]"
focus_dev_contention_COMPAT_O1000_N2_P0.2_B4_T0.4_S0_R5_D0.04,contention,COMPAT,100,88,12,88,88,1,11.8,5.1000000000000005,15.700000000000001,0.0,8.326672684688674e-17,0.008255239446516772,0.006947820141429955,0.007809791840962326,17.2,44.5,"[86, 4, 1, 3, 0, 3, 0, 3]"
focus_dev_contention_COMPAT_O1001_N1_P0.2_B4_T0.4_S0_R5_D0.04,contention,COMPAT,100,88,12,88,88,0,7.5,5.4,12.9,0.0,2.7755575615628914e-17,0.007000819789182025,0.004648131163744591,0.00600809522200458,14.600000000000001,38.1,"[87, 3, 0, 3, 0, 2, 0, 5]"
focus_dev_contention_COMPAT_O1001_N2_P0.2_B4_T0.4_S0_R5_D0.04,contention,COMPAT,100,88,12,88,88,1,11.9,4.7,14.3,0.0,2.7755575615628914e-17,0.007495626713913235,0.005146759287065492,0.006565365577485232,16.2,44.800000000000004,"[86, 4, 1, 3, 0, 4, 0, 2]"
focus_dev_contention_COMPAT_O1300_N1_P0.2_B4_T0.4_S0_R5_D0.04,contention,COMPAT,100,86,14,86,86,1,12.700000000000001,6.5,14.0,0.0,2.2985086056692694e-17,0.007003704584588755,0.005985055796601286,0.006338775982161584,14.9,36.6,"[85, 1, 0, 4, 0, 6, 0, 4]"
focus_dev_contention_COMPAT_O1300_N2_P0.2_B4_T0.4_S0_R5_D0.04,contention,COMPAT,100,86,12,86,86,0,15.0,5.9,14.8,0.0,2.2985086056692694e-17,0.0074266891625329205,0.0066260595568001035,0.007040607656733082,15.5,41.800000000000004,"[85, 7, 0, 2, 0, 3, 0, 3]"
focus_dev_contention_COMPAT_O1301_N1_P0.2_B4_T0.4_S0_R5_D0.04,contention,COMPAT,100,92,8,92,92,0,10.200000000000001,7.1000000000000005,13.0,0.0,9.71445146547012e-17,0.006886580656129788,0.005860676569186894,0.0063492569338499585,13.700000000000001,36.1,"[85, 3, 0, 4, 0, 2, 0, 6]"
focus_dev_contention_COMPAT_O1301_N2_P0.2_B4_T0.4_S0_R5_D0.04,contention,COMPAT,100,92,8,92,92,2,10.4,4.2,14.8,0.0,9.71445146547012e-17,0.007795608014655397,0.006785065591092007,0.007192749536874468,15.8,43.6,"[86, 4, 0, 1, 1, 3, 1, 4]"
focus_dev_partial_PHASED_O1000_N1_P0.2_B4_T0.4_S0_R5_D0.04,partial,PHASED,5,1,4,1,1,1,5.800000000000001,0.0,6.5,0.0,8.326672684688674e-17,0.00419122133235823,-0.0005842502961710349,0.0019809215216095456,13.9,58.800000000000004,"[5, 7, 0, 13, 2, 3, 0, 17]"
focus_dev_partial_PHASED_O1000_N2_P0.2_B4_T0.4_S0_R5_D0.04,partial,PHASED,2,1,1,1,1,0,0.0,0.0,9.0,0.0,8.326672684688674e-17,0.00189405608015825,0.0017234655508893493,0.005038448073328399,13.8,59.400000000000006,"[2, 3, 2, 9, 0, 4, 0, 23]"
focus_dev_partial_PHASED_O1300_N1_P0.2_B4_T0.4_S0_R5_D0.04,partial,PHASED,4,2,1,2,2,0,8.8,0.1,8.700000000000001,0.0,2.2985086056692694e-17,0.0031732543828232413,0.0009807729546679029,0.0031996666927945256,14.100000000000001,58.900000000000006,"[4, 3, 0, 10, 0, 8, 0, 21]"
focus_dev_partial_PHASED_O1300_N2_P0.2_B4_T0.4_S0_R5_D0.04,partial,PHASED,5,2,2,2,2,0,3.4000000000000004,0.0,8.3,0.0,2.2985086056692694e-17,0.0030265767400035936,0.000931393386887254,0.003097459951014744,13.700000000000001,59.1,"[5, 3, 2, 7, 0, 3, 0, 27]"
focus_dev_partial_GRANT_KEEP_O1000_N1_P0.2_B4_T0.4_S0_R5_D0.001,partial,GRANT_KEEP,100,88,12,88,88,0,15.200000000000001,9.3,10.9,0.0,1.3877787807814457e-17,0.00479802697082241,0.003733289717613825,0.004813759654527351,11.8,27.5,"[39, 8, 0, 17, 1, 20, 0, 15]"
focus_dev_partial_GRANT_KEEP_O1300_N1_P0.2_B4_T0.4_S0_R5_D0.001,partial,GRANT_KEEP,100,74,26,74,74,0,11.0,6.800000000000001,13.100000000000001,0.0,2.2985086056692694e-17,0.006098597318204671,0.004870165569580945,0.005436217379354966,13.8,32.1,"[46, 11, 0, 18, 0, 1, 1, 23]"
focus_dev_partial_COV_EVENT_O1000_N1_P0.5_B8_T1.0_S0_R5_D0.001,partial,COV_EVENT,53,19,34,19,34,0,16.400000000000002,11.600000000000001,8.9,0.0,2.0816681711721685e-17,0.004525179015195368,0.0024786472272198532,0.0032130667238575244,9.700000000000001,17.2,"[15, 10, 5, 10, 2, 4, 2, 5]"
focus_dev_partial_COV_EVENT_O1300_N1_P0.5_B8_T1.0_S0_R5_D0.001,partial,COV_EVENT,60,21,39,21,42,0,13.0,11.4,8.8,0.0,2.2985086056692694e-17,0.003786504023196278,0.0017997034710227114,0.0028119760324331255,10.700000000000001,18.2,"[18, 13, 1, 16, 1, 0, 0, 11]"
focus_dev_partial_OLD_RENEWAL_O1000_N1_P0.5_B8_T1.0_S0_R5_D0.001,partial,OLD_RENEWAL,100,91,9,91,93,0,13.8,8.5,6.5,0.0,2.0816681711721685e-17,0.002915253784960219,0.002180291982349718,0.0026068458988065075,7.0,7.9,"[14, 7, 2, 55, 0, 0, 0, 22]"
focus_dev_partial_OLD_RENEWAL_O1300_N1_P0.5_B8_T1.0_S0_R5_D0.001,partial,OLD_RENEWAL,100,87,13,87,91,0,11.0,3.9000000000000004,2.2,0.0,2.2985086056692694e-17,0.0011002251943326418,0.0004636034292261265,0.0007624500353600913,3.0,5.7,"[5, 13, 0, 33, 2, 15, 1, 31]"
focus_dev_partial_COMPAT_O1000_N1_P0.2_B4_T0.4_S0_R5_D0.001,partial,COMPAT,100,88,12,88,88,0,15.200000000000001,9.3,10.9,0.0,1.3877787807814457e-17,0.00479802697082241,0.003733289717613825,0.004813759654527351,11.8,27.5,"[39, 8, 0, 17, 1, 20, 0, 15]"
focus_dev_partial_COMPAT_O1300_N1_P0.2_B4_T0.4_S0_R5_D0.001,partial,COMPAT,100,78,22,78,78,0,14.200000000000001,9.600000000000001,14.100000000000001,0.0,2.2985086056692694e-17,0.006702208780862261,0.005515797708405614,0.005909877151972574,15.100000000000001,34.9,"[49, 14, 1, 20, 3, 5, 0, 8]"
