tag,phase,environment,policy,observation_seed,network_seed,price,period_s,intervention,feedback_pssch,data_pssch,background_pssch,mixed_pssch,unattributed_pssch,pssch_union_prb_slots,retry_pssch,shared_bundle_pssch,pssch_tx_prb_slots,mse,local_mse,ticks,duration_s,pscch_tx_rb_slots,cache_age_mean_ms,mismatch_sender_seconds,hindsight_action_regret_mean,data_packets,data_bytes,data_intended,data_radio_received,data_radio_pdr,data_deadline_pdr,data_p95_radio_ms,data_app_erased,data_app_delayed,feedback_packets,feedback_bytes,feedback_intended,feedback_radio_received,feedback_radio_pdr,feedback_deadline_pdr,feedback_p95_radio_ms,feedback_app_erased,feedback_app_delayed,background_packets,background_bytes,background_intended,background_radio_received,background_radio_pdr,background_deadline_pdr,background_p95_radio_ms,background_app_erased,background_app_delayed,gain_vs_local,net_utility,sensing,repetitions,bits,ttl,wall_seconds,runtime_mean_s,runtime_p95_s,expired_receptions,processing_s,epsilon,compute_exceeds_budget
focus_dev_contention_COMPAT_O1000_N1_P0.2_B4_T0.4_S0_R5_D0.04,focus_dev,contention,COMPAT,1000,1,0.006,0.2,none,750,750,79250,121500,0,170300,161800,155750,202250,0.014528765019898575,0.017010909556149704,200,20.0,16180,859.3333333333333,0.0,0.0,447,16986,447,313,0.7002237136465325,0.3624161073825503,630.4289999999992,0,0,100,3900,300,214,0.7133333333333334,0.2866666666666667,1049.8789999999995,0,0,1000,400000,1000,0,0.0,0.0,,0,0,0.002482144536251129,0.0018073278695844622,False,5,4,0.4,7.438000000001921,0.0001931874949991652,0.0005078999999994948,47,0.04,0.0005,0
focus_dev_contention_COMPAT_O1000_N2_P0.2_B4_T0.4_S0_R5_D0.04,focus_dev,contention,COMPAT,1000,2,0.006,0.2,none,1000,1250,65750,128250,0,156400,157000,154500,196250,0.013599646052786988,0.017010909556149704,200,20.0,15700,901.6666666666666,0.0,0.0,508,19304,508,290,0.5708661417322834,0.34448818897637795,624.5289999999997,0,0,100,3900,300,168,0.56,0.13,1085.0289999999995,0,0,1000,400000,1000,0,0.0,0.0,,0,0,0.0034112635033627155,0.002756446836696049,False,5,4,0.4,7.344000000004598,0.0001866504950000092,0.0004692150000032313,61,0.04,0.0005,0
focus_dev_contention_COMPAT_O1001_N1_P0.2_B4_T0.4_S0_R5_D0.04,focus_dev,contention,COMPAT,1001,1,0.006,0.2,none,750,1250,79000,123750,0,164100,163800,157250,204750,0.012325555696961976,0.016663893070177002,200,20.0,16380,1036.3333333333333,0.0,0.0,463,17594,463,294,0.6349892008639308,0.3542116630669546,667.3789999999972,0,0,100,3900,300,171,0.57,0.22666666666666666,1009.029,0,0,1000,400000,1000,0,0.0,0.0,,0,0,0.004338337373215026,0.003655187373215026,False,5,4,0.4,7.093000000000757,0.00017492499500043835,0.00040692500000076825,28,0.04,0.0005,0
focus_dev_contention_COMPAT_O1001_N2_P0.2_B4_T0.4_S0_R5_D0.04,focus_dev,contention,COMPAT,1001,2,0.006,0.2,none,1000,1250,69250,124750,0,152800,157000,155500,196250,0.014188137766771974,0.016663893070177002,200,20.0,15700,892.0,0.0,0.0,493,18734,493,263,0.5334685598377282,0.32454361054766734,564.7289999999995,0,0,100,3900,300,182,0.6066666666666667,0.12333333333333334,1085.0289999999995,0,0,1000,400000,1000,0,0.0,0.0,,0,0,0.002475755303405028,0.0018209386367383615,False,5,4,0.4,7.0,0.00018318900000032556,0.00045565500000392927,74,0.04,0.0005,0
focus_dev_contention_COMPAT_O1300_N1_P0.2_B4_T0.4_S0_R5_D0.04,focus_dev,contention,COMPAT,1300,1,0.006,0.2,none,750,750,81000,120750,0,170300,162600,156250,203250,0.009919780882422645,0.013408380134968029,200,20.0,16260,723.6666666666666,0.0,0.0,444,16872,444,274,0.6171171171171171,0.3108108108108108,927.0290000000001,0,0,100,3900,300,200,0.6666666666666666,0.2733333333333333,1018.0290000000003,0,0,1000,400000,1000,0,0.0,0.0,,0,0,0.003488599252545384,0.0028104492525453844,False,5,4,0.4,6.905999999995402,0.00018540399000002594,0.00048101905000166303,48,0.04,0.0005,0
focus_dev_contention_COMPAT_O1300_N2_P0.2_B4_T0.4_S0_R5_D0.04,focus_dev,contention,COMPAT,1300,2,0.006,0.2,none,1000,1000,79750,127500,0,174550,167400,161750,209250,0.01235878056765171,0.013408380134968029,200,20.0,16740,869.0,0.0,0.0,472,17936,472,290,0.614406779661017,0.3728813559322034,522.8789999999999,0,0,100,3900,300,185,0.6166666666666667,0.17,1082.0289999999993,0,0,1000,400000,1000,0,0.0,0.0,,0,0,0.001049599567316319,0.000351449567316319,False,5,4,0.4,7.0310000000026776,0.0001843734950003295,0.000444600000003703,59,0.04,0.0005,0
focus_dev_contention_COMPAT_O1301_N1_P0.2_B4_T0.4_S0_R5_D0.04,focus_dev,contention,COMPAT,1301,1,0.006,0.2,none,750,1000,80000,120000,0,164900,161400,153000,201750,0.015178703130647841,0.02092934532779362,200,20.0,16140,903.0,0.0,0.0,446,16948,446,288,0.6457399103139013,0.3452914798206278,690.0289999999997,0,0,100,3900,300,199,0.6633333333333333,0.27,1018.0290000000003,0,0,1000,400000,1000,0,0.0,0.0,,0,0,0.005750642197145779,0.005077492197145779,False,5,4,0.4,7.389999999999418,0.00019529900500018016,0.000524440000003068,39,0.04,0.0005,0
focus_dev_contention_COMPAT_O1301_N2_P0.2_B4_T0.4_S0_R5_D0.04,focus_dev,contention,COMPAT,1301,2,0.006,0.2,none,1000,1250,74000,123250,0,154500,159600,150750,199500,0.015976537636661455,0.02092934532779362,200,20.0,15960,877.0,0.0,0.0,490,18620,490,270,0.5510204081632653,0.3408163265306122,624.5289999999993,0,0,100,3900,300,188,0.6266666666666667,0.13666666666666666,1079.7789999999998,0,0,1000,400000,1000,0,0.0,0.0,,0,0,0.004952807691132165,0.004287157691132165,False,5,4,0.4,7.5,0.00018813800000025082,0.00047290999999489704,74,0.04,0.0005,0
focus_dev_contention_COV_EVENT_O1000_N1_P0.2_B4_T0.4_S0_R5_D0.04,focus_dev,contention,COV_EVENT,1000,1,0.006,0.2,none,1250,1250,83250,120250,0,167700,164800,154250,206000,0.014593443797538862,0.017010909556149704,200,20.0,16480,1020.0000000000002,0.0,0.0,447,16986,447,291,0.6510067114093959,0.32662192393736017,783.5290000000015,0,0,100,4300,300,189,0.63,0.2833333333333333,977.0289999999995,0,0,1000,400000,1000,0,0.0,0.0,,0,0,0.0024174657586108414,0.001730082425277508,False,5,4,0.4,7.452999999994063,0.0006217579799998418,0.001064519999987823,28,0.04,0.0005,0
focus_dev_contention_COV_EVENT_O1000_N2_P0.2_B4_T0.4_S0_R5_D0.04,focus_dev,contention,COV_EVENT,1000,2,0.006,0.2,none,500,1500,79000,121750,0,169900,162200,156750,202750,0.012607809272479493,0.017010909556149704,200,20.0,16220,706.3333333333335,0.0,0.0,456,17328,456,300,0.6578947368421053,0.3815789473684211,705.1790000000002,0,0,100,4300,300,204,0.68,0.24333333333333335,1070.029,0,0,1000,400000,1000,0,0.0,0.0,,0,0,0.004403100283670211,0.003726550283670211,False,5,4,0.4,8.015999999995984,0.000609732464999837,0.0009531849999959263,64,0.04,0.0005,0
focus_dev_contention_COV_EVENT_O1001_N1_P0.2_B4_T0.4_S0_R5_D0.04,focus_dev,contention,COV_EVENT,1001,1,0.006,0.2,none,1250,1250,79000,123250,0,164100,163800,156750,204750,0.012325555696961976,0.016663893070177002,200,20.0,16380,1036.3333333333333,0.0,0.0,461,17518,461,292,0.6334056399132321,0.3557483731019523,673.4789999999987,0,0,100,4300,300,170,0.5666666666666667,0.22666666666666666,1009.029,0,0,1000,400000,1000,0,0.0,0.0,,0,0,0.004338337373215026,0.0036551207065483593,False,5,4,0.4,8.0,0.0006147554850003445,0.0010244999999976295,27,0.04,0.0005,0
focus_dev_contention_COV_EVENT_O1001_N2_P0.2_B4_T0.4_S0_R5_D0.04,focus_dev,contention,COV_EVENT,1001,2,0.006,0.2,none,500,1500,71750,124000,0,162800,158200,152250,197750,0.014409290823288415,0.016663893070177002,200,20.0,15820,921.3333333333334,0.0,0.0,493,18734,493,280,0.5679513184584178,0.332657200811359,705.229,0,0,100,4300,300,166,0.5533333333333333,0.15,1085.0289999999995,0,0,1000,400000,1000,0,0.0,0.0,,0,0,0.0022546022468885873,0.0015947189135552542,False,5,4,0.4,8.01600000000326,0.0006127724800002454,0.0009795500000073778,62,0.04,0.0005,0
focus_dev_contention_COV_EVENT_O1300_N1_P0.2_B4_T0.4_S0_R5_D0.04,focus_dev,contention,COV_EVENT,1300,1,0.006,0.2,none,1250,500,81750,124750,0,170400,166600,160000,208250,0.009360448350003823,0.013408380134968029,200,20.0,16660,1038.3333333333333,0.0,0.0,446,16948,446,276,0.6188340807174888,0.3609865470852018,440.029,0,0,100,4300,300,190,0.6333333333333333,0.25666666666666665,1118.029,0,0,1000,400000,1000,0,0.0,0.0,,0,0,0.004047931784964206,0.0033530484516308724,False,5,4,0.4,8.156000000002678,0.0006150089999996311,0.001025939999993141,40,0.04,0.0005,0
focus_dev_contention_COV_EVENT_O1300_N2_P0.2_B4_T0.4_S0_R5_D0.04,focus_dev,contention,COV_EVENT,1300,2,0.006,0.2,none,500,1250,81500,118750,0,170200,161600,151750,202000,0.01204419353946771,0.013408380134968029,200,20.0,16160,719.6666666666667,0.0,0.0,445,16910,445,286,0.6426966292134831,0.36404494382022473,738.7790000000014,0,0,100,4300,300,197,0.6566666666666666,0.22666666666666666,1073.0289999999998,0,0,1000,400000,1000,0,0.0,0.0,,0,0,0.001364186595500319,0.0006901365955003191,False,5,4,0.4,8.0,0.0005907749849998112,0.00095841999999422,64,0.04,0.0005,0
focus_dev_contention_COV_EVENT_O1301_N1_P0.2_B4_T0.4_S0_R5_D0.04,focus_dev,contention,COV_EVENT,1301,1,0.006,0.2,none,1250,1500,84750,118750,0,165900,165000,150500,206250,0.015106970288983633,0.02092934532779362,200,20.0,16500,1146.3333333333333,0.0,0.0,446,16948,446,271,0.6076233183856502,0.3430493273542601,752.0290000000002,0,0,100,4300,300,176,0.5866666666666667,0.26666666666666666,1009.029,0,0,1000,400000,1000,0,0.0,0.0,,0,0,0.005822375038809988,0.005134158372143321,False,5,4,0.4,7.452999999994063,0.0006072714950001057,0.0009898050000025189,27,0.04,0.0005,0
focus_dev_contention_COV_EVENT_O1301_N2_P0.2_B4_T0.4_S0_R5_D0.04,focus_dev,contention,COV_EVENT,1301,2,0.006,0.2,none,500,1250,75750,123750,0,165100,161000,154000,201250,0.016591154266279422,0.02092934532779362,200,20.0,16100,946.3333333333334,0.0,0.0,494,18772,494,271,0.548582995951417,0.32793522267206476,624.0289999999995,0,0,100,4300,300,163,0.5433333333333333,0.14333333333333334,1085.0289999999995,0,0,1000,400000,1000,0,0.0,0.0,,0,0,0.004338191061514198,0.0036666410615141982,False,5,4,0.4,7.375,0.000607029995000019,0.0010274950000038528,62,0.04,0.0005,0
focus_dev_contention_GRANT_KEEP_O1000_N1_P0.2_B4_T0.4_S0_R5_D0.04,focus_dev,contention,GRANT_KEEP,1000,1,0.006,0.2,none,750,750,79250,121500,0,170300,161800,155750,202250,0.014528765019898575,0.017010909556149704,200,20.0,16180,859.3333333333333,0.0,0.0,447,16986,447,313,0.7002237136465325,0.3624161073825503,630.4289999999992,0,0,100,3900,300,214,0.7133333333333334,0.2866666666666667,1049.8789999999995,0,0,1000,400000,1000,0,0.0,0.0,,0,0,0.002482144536251129,0.0018073278695844622,False,5,4,0.4,7.953000000001339,0.00010817349500079843,0.00026420500000128293,47,0.04,0.0005,0
focus_dev_contention_GRANT_KEEP_O1000_N2_P0.2_B4_T0.4_S0_R5_D0.04,focus_dev,contention,GRANT_KEEP,1000,2,0.006,0.2,none,1000,1250,65750,128250,0,156400,157000,154500,196250,0.013599646052786988,0.017010909556149704,200,20.0,15700,901.6666666666666,0.0,0.0,508,19304,508,290,0.5708661417322834,0.34448818897637795,624.5289999999997,0,0,100,3900,300,168,0.56,0.13,1085.0289999999995,0,0,1000,400000,1000,0,0.0,0.0,,0,0,0.0034112635033627155,0.002756446836696049,False,5,4,0.4,7.046999999998661,0.00011260748999944781,0.0002790599999954678,61,0.04,0.0005,0
focus_dev_contention_GRANT_KEEP_O1001_N1_P0.2_B4_T0.4_S0_R5_D0.04,focus_dev,contention,GRANT_KEEP,1001,1,0.006,0.2,none,750,1250,79000,123750,0,164100,163800,157250,204750,0.012325555696961976,0.016663893070177002,200,20.0,16380,1036.3333333333333,0.0,0.0,463,17594,463,294,0.6349892008639308,0.3542116630669546,667.3789999999972,0,0,100,3900,300,171,0.57,0.22666666666666666,1009.029,0,0,1000,400000,1000,0,0.0,0.0,,0,0,0.004338337373215026,0.003655187373215026,False,5,4,0.4,7.281999999999243,0.00010778799999961564,0.00027515500000987455,28,0.04,0.0005,0
focus_dev_contention_GRANT_KEEP_O1001_N2_P0.2_B4_T0.4_S0_R5_D0.04,focus_dev,contention,GRANT_KEEP,1001,2,0.006,0.2,none,1000,1250,69250,124750,0,152800,157000,155500,196250,0.014188137766771974,0.016663893070177002,200,20.0,15700,892.0,0.0,0.0,493,18734,493,263,0.5334685598377282,0.32454361054766734,564.7289999999995,0,0,100,3900,300,182,0.6066666666666667,0.12333333333333334,1085.0289999999995,0,0,1000,400000,1000,0,0.0,0.0,,0,0,0.002475755303405028,0.0018209386367383615,False,5,4,0.4,7.421999999998661,0.00011105649499967284,0.00029612000000440704,74,0.04,0.0005,0
focus_dev_contention_GRANT_KEEP_O1300_N1_P0.2_B4_T0.4_S0_R5_D0.04,focus_dev,contention,GRANT_KEEP,1300,1,0.006,0.2,none,750,750,81000,120750,0,170300,162600,156250,203250,0.009919780882422645,0.013408380134968029,200,20.0,16260,723.6666666666666,0.0,0.0,444,16872,444,274,0.6171171171171171,0.3108108108108108,927.0290000000001,0,0,100,3900,300,200,0.6666666666666666,0.2733333333333333,1018.0290000000003,0,0,1000,400000,1000,0,0.0,0.0,,0,0,0.003488599252545384,0.0028104492525453844,False,5,4,0.4,8.06199999999808,0.00011210498999965068,0.0002851199499950495,48,0.04,0.0005,0
focus_dev_contention_GRANT_KEEP_O1300_N2_P0.2_B4_T0.4_S0_R5_D0.04,focus_dev,contention,GRANT_KEEP,1300,2,0.006,0.2,none,1000,1000,79750,127500,0,174550,167400,161750,209250,0.01235878056765171,0.013408380134968029,200,20.0,16740,869.0,0.0,0.0,472,17936,472,290,0.614406779661017,0.3728813559322034,522.8789999999999,0,0,100,3900,300,185,0.6166666666666667,0.17,1082.0289999999993,0,0,1000,400000,1000,0,0.0,0.0,,0,0,0.001049599567316319,0.000351449567316319,False,5,4,0.4,8.14100000000326,0.0001130919949999054,0.00029132499998851797,59,0.04,0.0005,0
focus_dev_contention_GRANT_KEEP_O1301_N1_P0.2_B4_T0.4_S0_R5_D0.04,focus_dev,contention,GRANT_KEEP,1301,1,0.006,0.2,none,750,1000,80000,120000,0,164900,161400,153000,201750,0.015178703130647841,0.02092934532779362,200,20.0,16140,903.0,0.0,0.0,446,16948,446,288,0.6457399103139013,0.3452914798206278,690.0289999999997,0,0,100,3900,300,199,0.6633333333333333,0.27,1018.0290000000003,0,0,1000,400000,1000,0,0.0,0.0,,0,0,0.005750642197145779,0.005077492197145779,False,5,4,0.4,8.046999999998661,0.0001117759799999618,0.0002613450000026773,39,0.04,0.0005,0
focus_dev_contention_GRANT_KEEP_O1301_N2_P0.2_B4_T0.4_S0_R5_D0.04,focus_dev,contention,GRANT_KEEP,1301,2,0.006,0.2,none,1000,1250,74000,123250,0,154500,159600,150750,199500,0.015976537636661455,0.02092934532779362,200,20.0,15960,877.0,0.0,0.0,490,18620,490,270,0.5510204081632653,0.3408163265306122,624.5289999999993,0,0,100,3900,300,188,0.6266666666666667,0.13666666666666666,1079.7789999999998,0,0,1000,400000,1000,0,0.0,0.0,,0,0,0.004952807691132165,0.004287157691132165,False,5,4,0.4,7.578000000001339,0.00010581248999969262,0.00026216000000616184,74,0.04,0.0005,0
focus_dev_contention_OLD_RENEWAL_O1000_N1_P0.5_B8_T1.0_S0_R5_D0.04,focus_dev,contention,OLD_RENEWAL,1000,1,0.006,0.5,none,750,500,127250,81500,0,170650,168000,118250,210000,0.014128613334608216,0.017010909556149704,200,20.0,16800,731.9999999999999,0.0,0.0,257,9766,257,169,0.6575875486381323,0.377431906614786,446.6290000000015,0,0,100,3900,300,203,0.6766666666666666,0.24,1109.0289999999995,0,0,1000,400000,1000,0,0.0,0.0,,0,0,0.0028822962215414877,0.002181646221541488,False,5,8,1.0,8.73399999999674,0.00945087722999915,0.02457980994999715,18,0.04,0.0005,0
focus_dev_contention_OLD_RENEWAL_O1000_N2_P0.5_B8_T1.0_S0_R5_D0.04,focus_dev,contention,OLD_RENEWAL,1000,2,0.006,0.5,none,1000,1000,118500,91000,0,175050,169200,126250,211500,0.012161449103681811,0.017010909556149704,200,20.0,16920,754.0,0.0,0.0,306,11628,306,212,0.6928104575163399,0.43790849673202614,406.0290000000002,0,0,100,3900,300,204,0.68,0.17,1096.9289999999996,0,0,1000,400000,1000,0,0.0,0.0,,0,0,0.004849460452467893,0.0041438104524678925,False,5,8,1.0,9.046000000002095,0.009097310255000365,0.023178124950012337,19,0.04,0.0005,0
focus_dev_contention_OLD_RENEWAL_O1001_N1_P0.5_B8_T1.0_S0_R5_D0.04,focus_dev,contention,OLD_RENEWAL,1001,1,0.006,0.5,none,750,1000,117750,89500,0,165050,167200,131000,209000,0.013984916562311878,0.016663893070177002,200,20.0,16720,994.0,0.0,0.0,297,11286,297,174,0.5858585858585859,0.32323232323232326,633.0289999999997,0,0,100,3900,300,151,0.5033333333333333,0.18333333333333332,1018.0289999999994,0,0,1000,400000,1000,0,0.0,0.0,,0,0,0.0026789765078651245,0.001981659841198458,False,5,8,1.0,8.985000000000582,0.010736026295000513,0.028415881000005073,10,0.04,0.0005,0
focus_dev_contention_OLD_RENEWAL_O1001_N2_P0.5_B8_T1.0_S0_R5_D0.04,focus_dev,contention,OLD_RENEWAL,1001,2,0.006,0.5,none,1000,500,122750,81750,0,173700,164800,117250,206000,0.013625775255030052,0.016663893070177002,200,20.0,16480,750.0000000000002,0.0,0.0,262,9956,262,180,0.6870229007633588,0.4580152671755725,420.2789999999997,0,0,100,3900,300,195,0.65,0.20666666666666667,1099.0289999999998,0,0,1000,400000,1000,0,0.0,0.0,,0,0,0.00303811781514695,0.002350801148480283,False,5,8,1.0,9.514999999999418,0.010566745280001228,0.026616001950007715,17,0.04,0.0005,0
focus_dev_contention_OLD_RENEWAL_O1300_N1_P0.5_B8_T1.0_S0_R5_D0.04,focus_dev,contention,OLD_RENEWAL,1300,1,0.006,0.5,none,750,500,126000,81000,0,166600,166600,121750,208250,0.010136913394238566,0.013408380134968029,200,20.0,16660,854.6666666666665,0.0,0.0,257,9766,257,158,0.6147859922178989,0.3424124513618677,466.0289999999992,0,0,100,3900,300,177,0.59,0.22,1118.029,0,0,1000,400000,1000,0,0.0,0.0,,0,0,0.003271466740729463,0.002576650074062796,False,5,8,1.0,9.68699999999808,0.011024945155000125,0.027094936050004747,20,0.04,0.0005,0
focus_dev_contention_OLD_RENEWAL_O1300_N2_P0.5_B8_T1.0_S0_R5_D0.04,focus_dev,contention,OLD_RENEWAL,1300,2,0.006,0.5,none,1000,750,118250,83750,0,171250,163000,117250,203750,0.012763615509867099,0.013408380134968029,200,20.0,16300,767.0000000000002,0.0,0.0,276,10488,276,154,0.5579710144927537,0.2826086956521739,709.929,0,0,100,3900,300,176,0.5866666666666667,0.17333333333333334,1085.0289999999995,0,0,1000,400000,1000,0,0.0,0.0,,0,0,0.0006447646251009301,-3.5052041565736465e-05,False,5,8,1.0,9.625,0.010460996720000039,0.025781821999996166,13,0.04,0.0005,0
focus_dev_contention_OLD_RENEWAL_O1301_N1_P0.5_B8_T1.0_S0_R5_D0.04,focus_dev,contention,OLD_RENEWAL,1301,1,0.006,0.5,none,750,750,129750,74250,0,164700,164400,105250,205500,0.015397008156437669,0.02092934532779362,200,20.0,16440,745.6666666666666,0.0,0.0,247,9386,247,145,0.5870445344129555,0.31983805668016196,650.8290000000006,0,0,100,3900,300,205,0.6833333333333333,0.27666666666666667,1090.8289999999981,0,0,1000,400000,1000,0,0.0,0.0,,0,0,0.005532337171355952,0.004846687171355952,False,5,8,1.0,8.639999999999418,0.009229645584999772,0.023710153899998684,17,0.04,0.0005,0
focus_dev_contention_OLD_RENEWAL_O1301_N2_P0.5_B8_T1.0_S0_R5_D0.04,focus_dev,contention,OLD_RENEWAL,1301,2,0.006,0.5,none,1000,1250,113500,91250,0,168900,165600,128250,207000,0.014777271792014478,0.02092934532779362,200,20.0,16560,881.3333333333334,0.0,0.0,321,12198,321,183,0.5700934579439252,0.3707165109034268,600.2289999999987,0,0,100,3900,300,178,0.5933333333333334,0.16666666666666666,1087.1289999999997,0,0,1000,400000,1000,0,0.0,0.0,,0,0,0.0061520735357791425,0.005461423535779142,False,5,8,1.0,8.968000000000757,0.009974045499999348,0.02593934399999327,14,0.04,0.0005,0
focus_dev_partial_COMPAT_O1000_N1_P0.2_B4_T0.4_S0_R5_D0.001,focus_dev,partial,COMPAT,1000,1,0.006,0.2,none,25000,95000,0,0,0,88300,96000,0,120000,0.009284774045594088,0.017010909556149704,200,20.0,9600,493.0,0.0,0.0,380,14440,380,213,0.5605263157894737,0.5605263157894737,125.42899999999999,0,0,100,3900,300,163,0.5433333333333333,0.5433333333333333,125.02899999999963,0,0,0,0,0,0,,,,0,0,0.0077261355105556154,0.007325485510555616,False,5,4,0.4,3.436999999998079,0.0001705735249998952,0.0003972549999986085,0,0.001,0.0005,0
focus_dev_partial_COMPAT_O1000_N1_P0.2_B4_T0.4_S0_R5_D0.04,focus_dev,partial,COMPAT,1000,1,0.006,0.2,none,25000,62500,0,0,0,82350,70000,0,87500,0.006867545856832615,0.017010909556149704,200,20.0,7000,194.6666666666667,0.0,0.0,250,9500,250,206,0.824,0.824,104.77900000000017,0,0,100,3900,300,271,0.9033333333333333,0.8833333333333333,146.0289999999991,0,0,0,0,0,0,,,,0,0,0.01014336369931709,0.009851047032650422,False,5,4,0.4,3.2189999999973224,0.00018570200000009863,0.0004782249999976782,0,0.04,0.0005,0
focus_dev_partial_COMPAT_O1000_N2_P0.2_B4_T0.4_S0_R5_D0.04,focus_dev,partial,COMPAT,1000,2,0.006,0.2,none,25000,57500,0,0,0,79250,66000,0,82500,0.0077702962905870105,0.017010909556149704,200,20.0,6600,187.3333333333333,0.0,0.0,230,8740,230,187,0.8130434782608695,0.8130434782608695,108.12900000000006,0,0,100,3900,300,274,0.9133333333333333,0.8866666666666667,146.37900000000016,0,0,0,0,0,0,,,,0,0,0.009240613265562693,0.008964963265562693,False,5,4,0.4,3.1569999999992433,0.00019263550000040653,0.0005274100000026039,0,0.04,0.0005,0
focus_dev_partial_COMPAT_O1001_N1_P0.2_B4_T0.4_S0_R5_D0.04,focus_dev,partial,COMPAT,1001,1,0.006,0.2,none,25000,58750,0,0,0,80550,67000,0,83750,0.006072001111665319,0.016663893070177002,200,20.0,6700,187.33333333333334,0.0,0.0,235,8930,235,197,0.8382978723404255,0.8382978723404255,106.02900000000089,0,0,100,3900,300,276,0.92,0.9166666666666666,88.02900000000014,0,0,0,0,0,0,,,,0,0,0.010591891958511682,0.010312075291845016,False,5,4,0.4,3.5310000000026776,0.00018575301000002043,0.0005026350000012054,0,0.04,0.0005,0
focus_dev_partial_COMPAT_O1001_N2_P0.2_B4_T0.4_S0_R5_D0.04,focus_dev,partial,COMPAT,1001,2,0.006,0.2,none,25000,60000,0,0,0,81200,68000,0,85000,0.005861152174275611,0.016663893070177002,200,20.0,6800,204.99999999999997,0.0,0.0,240,9120,240,185,0.7708333333333334,0.7708333333333334,117.82900000000004,0,0,100,3900,300,268,0.8933333333333333,0.87,147.32899999999788,0,0,0,0,0,0,,,,0,0,0.010802740895901391,0.010518757562568058,False,5,4,0.4,4.764999999999418,0.0001821275099997166,0.0004750050000005499,0,0.04,0.0005,0
focus_dev_partial_COMPAT_O1300_N1_P0.2_B4_T0.4_S0_R5_D0.001,focus_dev,partial,COMPAT,1300,1,0.006,0.2,none,25000,107250,0,0,0,93400,105800,0,132250,0.006724585992041382,0.013408380134968029,200,20.0,10580,772.0000000000001,0.0,0.0,429,16302,429,228,0.5314685314685315,0.5314685314685315,124.02900000000017,0,0,100,3900,300,124,0.41333333333333333,0.41333333333333333,117.228999999998,0,0,0,0,0,0,,,,0,0,0.006683794142926647,0.0062423108095933134,False,5,4,0.4,3.4840000000040163,0.0001784520200002504,0.0004835700000072051,0,0.001,0.0005,0
focus_dev_partial_COMPAT_O1300_N1_P0.2_B4_T0.4_S0_R5_D0.04,focus_dev,partial,COMPAT,1300,1,0.006,0.2,none,25000,61250,0,0,0,80400,69000,0,86250,0.006314527429028051,0.013408380134968029,200,20.0,6900,212.99999999999997,0.0,0.0,245,9310,245,174,0.710204081632653,0.710204081632653,125.0289999999996,0,0,100,3900,300,260,0.8666666666666667,0.8433333333333334,146.02900000000218,0,0,0,0,0,0,,,,0,0,0.007093852705939978,0.006805702705939978,False,5,4,0.4,5.015999999995984,0.00020131300499990346,0.0005414900000005218,0,0.04,0.0005,0
focus_dev_partial_COMPAT_O1300_N2_P0.2_B4_T0.4_S0_R5_D0.04,focus_dev,partial,COMPAT,1300,2,0.006,0.2,none,25000,55750,0,0,0,76050,64600,0,80750,0.006951916544474311,0.013408380134968029,200,20.0,6460,222.66666666666666,0.0,0.0,223,8474,223,160,0.7174887892376681,0.7174887892376681,119.02900000000028,0,0,100,3900,300,259,0.8633333333333333,0.8366666666666667,146.22900000000033,0,0,0,0,0,0,,,,0,0,0.006456463590493718,0.006186646923827052,False,5,4,0.4,4.7810000000026776,0.00019931800499985996,0.0005423499999995584,0,0.04,0.0005,0
focus_dev_partial_COMPAT_O1301_N1_P0.2_B4_T0.4_S0_R5_D0.04,focus_dev,partial,COMPAT,1301,1,0.006,0.2,none,25000,64500,0,0,0,84800,71600,0,89500,0.007813775604534237,0.02092934532779362,200,20.0,7160,234.33333333333334,0.0,0.0,258,9804,258,191,0.7403100775193798,0.7403100775193798,113.52899999999977,0,0,100,3900,300,262,0.8733333333333333,0.85,145.02900000000096,0,0,0,0,0,0,,,,0,0,0.013115569723259383,0.01281658638992605,False,5,4,0.4,4.828000000001339,0.00017657851000024038,0.000448220000001953,0,0.04,0.0005,0
focus_dev_partial_COMPAT_O1301_N2_P0.2_B4_T0.4_S0_R5_D0.04,focus_dev,partial,COMPAT,1301,2,0.006,0.2,none,25000,70250,0,0,0,87400,76200,0,95250,0.007160462848756682,0.02092934532779362,200,20.0,7620,231.33333333333334,0.0,0.0,281,10678,281,213,0.7580071174377224,0.7580071174377224,111.8289999999999,0,0,100,3900,300,252,0.84,0.8,148.47899999999953,0,0,0,0,0,0,,,,0,0,0.013768882479036938,0.013450732479036939,False,5,4,0.4,3.75,0.00016989851999937855,0.0004188400000085578,0,0.04,0.0005,0
focus_dev_partial_COV_EVENT_O1000_N1_P0.5_B8_T1.0_S0_R5_D0.001,focus_dev,partial,COV_EVENT,1000,1,0.006,0.5,none,13250,76250,0,0,0,72700,71600,0,89500,0.00856691539981508,0.017010909556149704,200,20.0,7160,829.3333333333334,0.0,0.0,305,11590,305,200,0.6557377049180327,0.6557377049180327,125.02899999999961,0,0,53,2279,159,90,0.5660377358490566,0.5660377358490566,125.02899999999963,0,0,0,0,0,0,,,,0,0,0.008443994156334624,0.008145280989667956,False,5,8,1.0,3.4689999999973224,0.0005058530199993782,0.0009217999999997059,0,0.001,0.0005,6
focus_dev_partial_COV_EVENT_O1000_N1_P0.5_B8_T1.0_S0_R5_D0.04,focus_dev,partial,COV_EVENT,1000,1,0.006,0.5,none,13500,46500,0,0,0,59000,48000,0,60000,0.007600971764188333,0.017010909556149704,200,20.0,4800,358.666666666667,0.0,0.0,186,7068,186,163,0.8763440860215054,0.8763440860215054,106.9289999999974,0,0,54,2322,162,140,0.8641975308641975,0.8148148148148148,158.1289999999999,0,0,0,0,0,0,,,,0,0,0.009409937791961372,0.009209550791961372,False,5,8,1.0,3.1409999999959837,0.0005081830000002441,0.0008659749999978311,0,0.04,0.0005,0
focus_dev_partial_COV_EVENT_O1000_N2_P0.5_B8_T1.0_S0_R5_D0.04,focus_dev,partial,COV_EVENT,1000,2,0.006,0.5,none,14000,47750,0,0,0,60900,49400,0,61750,0.007801844442124552,0.017010909556149704,200,20.0,4940,308.9999999999999,0.0,0.0,191,7258,191,166,0.8691099476439791,0.8691099476439791,104.77900000000017,0,0,56,2408,168,150,0.8928571428571429,0.8630952380952381,147.579,0,0,0,0,0,0,,,,0,0,0.009209065114025153,0.009002830447358487,False,5,8,1.0,3.235000000000582,0.0005224465000001643,0.0009381599999933594,0,0.04,0.0005,0
focus_dev_partial_COV_EVENT_O1001_N1_P0.5_B8_T1.0_S0_R5_D0.04,focus_dev,partial,COV_EVENT,1001,1,0.006,0.5,none,12500,59000,0,0,0,66600,57200,0,71500,0.0066397680511560316,0.016663893070177002,200,20.0,5720,398.83333333333354,0.0,0.0,236,8968,236,181,0.7669491525423728,0.7669491525423728,108.02900000000015,0,0,50,2150,150,129,0.86,0.8333333333333334,146.02899999999968,0,0,0,0,0,0,,,,0,0,0.01002412501902097,0.009785433352354303,False,5,8,1.0,3.2960000000020955,0.00048787199999964057,0.0008183149999968719,0,0.04,0.0005,0
focus_dev_partial_COV_EVENT_O1001_N2_P0.5_B8_T1.0_S0_R5_D0.04,focus_dev,partial,COV_EVENT,1001,2,0.006,0.5,none,12500,57750,0,0,0,66950,56200,0,70250,0.00703292619723839,0.016663893070177002,200,20.0,5620,412.1666666666669,0.0,0.0,231,8778,231,172,0.7445887445887446,0.7445887445887446,124.02900000000017,0,0,50,2150,150,131,0.8733333333333333,0.8333333333333334,148.5290000000001,0,0,0,0,0,0,,,,0,0,0.009630966872938612,0.009396441872938612,False,5,8,1.0,3.1560000000026776,0.0005043889950000846,0.0008980349999959002,0,0.04,0.0005,0
focus_dev_partial_COV_EVENT_O1300_N1_P0.5_B8_T1.0_S0_R5_D0.001,focus_dev,partial,COV_EVENT,1300,1,0.006,0.5,none,15000,77500,0,0,0,73300,74000,0,92500,0.007478636946053238,0.013408380134968029,200,20.0,7400,776.6666666666665,0.0,0.0,310,11780,310,198,0.6387096774193548,0.6387096774193548,119.9290000000008,0,0,60,2580,180,103,0.5722222222222222,0.5722222222222222,107.0290000000007,0,0,0,0,0,0,,,,0,0,0.005929743188914791,0.005620979855581458,False,5,8,1.0,3.311999999998079,0.0005229810349995745,0.0009172999999954352,0,0.001,0.0005,7
focus_dev_partial_COV_EVENT_O1300_N1_P0.5_B8_T1.0_S0_R5_D0.04,focus_dev,partial,COV_EVENT,1300,1,0.006,0.5,none,13250,47250,0,0,0,58750,48400,0,60500,0.005952321108426293,0.013408380134968029,200,20.0,4840,355.6666666666667,0.0,0.0,189,7182,189,157,0.8306878306878307,0.8306878306878307,105.02900000000004,0,0,53,2279,159,138,0.8679245283018868,0.8176100628930818,160.7789999999998,0,0,0,0,0,0,,,,0,0,0.007456059026541736,0.007254012526541736,False,5,8,1.0,3.1710000000020955,0.0005083864999999932,0.0008801800000021835,0,0.04,0.0005,0
focus_dev_partial_COV_EVENT_O1300_N2_P0.5_B8_T1.0_S0_R5_D0.04,focus_dev,partial,COV_EVENT,1300,2,0.006,0.5,none,13500,45000,0,0,0,57550,46800,0,58500,0.005991328545481581,0.013408380134968029,200,20.0,4680,317.33333333333326,0.0,0.0,180,6840,180,159,0.8833333333333333,0.8833333333333333,104.22900000000048,0,0,54,2322,162,149,0.9197530864197531,0.8950617283950617,146.02899999999863,0,0,0,0,0,0,,,,0,0,0.007417051589486448,0.007221664589486448,False,5,8,1.0,3.2819999999992433,0.000525373999999772,0.0009825250000016438,0,0.04,0.0005,0
focus_dev_partial_COV_EVENT_O1301_N1_P0.5_B8_T1.0_S0_R5_D0.04,focus_dev,partial,COV_EVENT,1301,1,0.006,0.5,none,14250,48750,0,0,0,61800,50400,0,63000,0.007476363799428474,0.02092934532779362,200,20.0,5040,301.50000000000006,0.0,0.0,195,7410,195,168,0.8615384615384616,0.8615384615384616,106.02899999999977,0,0,57,2451,171,157,0.9181286549707602,0.8947368421052632,83.42899999999835,0,0,0,0,0,0,,,,0,0,0.013452981528365146,0.013242573028365146,False,5,8,1.0,3.2339999999967404,0.0005070565000001537,0.0008572700000009089,0,0.04,0.0005,0
focus_dev_partial_COV_EVENT_O1301_N2_P0.5_B8_T1.0_S0_R5_D0.04,focus_dev,partial,COV_EVENT,1301,2,0.006,0.5,none,14250,50000,0,0,0,61550,51400,0,64250,0.007006150398770463,0.02092934532779362,200,20.0,5140,338.5000000000001,0.0,0.0,200,7600,200,169,0.845,0.845,104.62900000000025,0,0,57,2451,171,148,0.8654970760233918,0.847953216374269,148.32899999999916,0,0,0,0,0,0,,,,0,0,0.013923194929023157,0.01370861976235649,False,5,8,1.0,3.3910000000032596,0.0005177804999999936,0.0009157949999945452,0,0.04,0.0005,0
focus_dev_partial_GRANT_KEEP_O1000_N1_P0.2_B4_T0.4_S0_R5_D0.001,focus_dev,partial,GRANT_KEEP,1000,1,0.006,0.2,none,25000,95000,0,0,0,88300,96000,0,120000,0.009284774045594088,0.017010909556149704,200,20.0,9600,493.0,0.0,0.0,380,14440,380,213,0.5605263157894737,0.5605263157894737,125.42899999999999,0,0,100,3900,300,163,0.5433333333333333,0.5433333333333333,125.02899999999963,0,0,0,0,0,0,,,,0,0,0.0077261355105556154,0.007325485510555616,False,5,4,0.4,3.3430000000007567,9.54584999998076e-05,0.00021860499999135603,0,0.001,0.0005,0
focus_dev_partial_GRANT_KEEP_O1000_N1_P0.2_B4_T0.4_S0_R5_D0.04,focus_dev,partial,GRANT_KEEP,1000,1,0.006,0.2,none,25000,62500,0,0,0,82350,70000,0,87500,0.006867545856832615,0.017010909556149704,200,20.0,7000,194.6666666666667,0.0,0.0,250,9500,250,206,0.824,0.824,104.77900000000017,0,0,100,3900,300,271,0.9033333333333333,0.8833333333333333,146.0289999999991,0,0,0,0,0,0,,,,0,0,0.01014336369931709,0.009851047032650422,False,5,4,0.4,4.046999999998661,0.0001085050400000398,0.00030182999999723827,0,0.04,0.0005,0
focus_dev_partial_GRANT_KEEP_O1000_N2_P0.2_B4_T0.4_S0_R5_D0.04,focus_dev,partial,GRANT_KEEP,1000,2,0.006,0.2,none,25000,57500,0,0,0,79250,66000,0,82500,0.0077702962905870105,0.017010909556149704,200,20.0,6600,187.3333333333333,0.0,0.0,230,8740,230,187,0.8130434782608695,0.8130434782608695,108.12900000000006,0,0,100,3900,300,274,0.9133333333333333,0.8866666666666667,146.37900000000016,0,0,0,0,0,0,,,,0,0,0.009240613265562693,0.008964963265562693,False,5,4,0.4,4.078000000001339,0.0001021965300002492,0.00025041504999769867,0,0.04,0.0005,0
focus_dev_partial_GRANT_KEEP_O1001_N1_P0.2_B4_T0.4_S0_R5_D0.04,focus_dev,partial,GRANT_KEEP,1001,1,0.006,0.2,none,25000,58750,0,0,0,80550,67000,0,83750,0.006072001111665319,0.016663893070177002,200,20.0,6700,187.33333333333334,0.0,0.0,235,8930,235,197,0.8382978723404255,0.8382978723404255,106.02900000000089,0,0,100,3900,300,276,0.92,0.9166666666666666,88.02900000000014,0,0,0,0,0,0,,,,0,0,0.010591891958511682,0.010312075291845016,False,5,4,0.4,4.014999999999418,0.0001011935299998612,0.00025407499999943164,0,0.04,0.0005,0
focus_dev_partial_GRANT_KEEP_O1001_N2_P0.2_B4_T0.4_S0_R5_D0.04,focus_dev,partial,GRANT_KEEP,1001,2,0.006,0.2,none,25000,60000,0,0,0,81200,68000,0,85000,0.005861152174275611,0.016663893070177002,200,20.0,6800,204.99999999999997,0.0,0.0,240,9120,240,185,0.7708333333333334,0.7708333333333334,117.82900000000004,0,0,100,3900,300,268,0.8933333333333333,0.87,147.32899999999788,0,0,0,0,0,0,,,,0,0,0.010802740895901391,0.010518757562568058,False,5,4,0.4,3.7969999999986612,0.00010128552500010101,0.00025259500000167633,0,0.04,0.0005,0
focus_dev_partial_GRANT_KEEP_O1300_N1_P0.2_B4_T0.4_S0_R5_D0.001,focus_dev,partial,GRANT_KEEP,1300,1,0.006,0.2,none,25000,101500,0,0,0,91450,101200,0,126500,0.007669386771620014,0.013408380134968029,200,20.0,10120,1036.6666666666667,0.0,0.0,406,15428,406,209,0.5147783251231527,0.5147783251231527,126.6290000000005,0,0,100,3900,300,141,0.47,0.47,125.02899999999961,0,0,0,0,0,0,,,,0,0,0.005738993363348015,0.005316676696681348,False,5,4,0.4,3.172000000005937,9.625000500072644e-05,0.00025170499999305207,0,0.001,0.0005,0
focus_dev_partial_GRANT_KEEP_O1300_N1_P0.2_B4_T0.4_S0_R5_D0.04,focus_dev,partial,GRANT_KEEP,1300,1,0.006,0.2,none,25000,55250,0,0,0,75700,64200,0,80250,0.006324136584616624,0.013408380134968029,200,20.0,6420,227.99999999999994,0.0,0.0,221,8398,221,157,0.7104072398190046,0.7104072398190046,120.22900000000114,0,0,100,3900,300,258,0.86,0.8166666666666667,148.82899999999967,0,0,0,0,0,0,,,,0,0,0.007084243550351405,0.006816093550351405,False,5,4,0.4,3.75,9.721952000017353e-05,0.0002319250000017092,0,0.04,0.0005,0
focus_dev_partial_GRANT_KEEP_O1300_N2_P0.2_B4_T0.4_S0_R5_D0.04,focus_dev,partial,GRANT_KEEP,1300,2,0.006,0.2,none,25000,56000,0,0,0,76800,64800,0,81000,0.006587753787294672,0.013408380134968029,200,20.0,6480,217.33333333333337,0.0,0.0,224,8512,224,165,0.7366071428571429,0.7366071428571429,123.02900000000011,0,0,100,3900,300,263,0.8766666666666667,0.8466666666666667,146.9289999999999,0,0,0,0,0,0,,,,0,0,0.006820626347673357,0.006549976347673357,False,5,4,0.4,3.813000000001921,9.417153000036649e-05,0.0002198409500046238,0,0.04,0.0005,0
focus_dev_partial_GRANT_KEEP_O1301_N1_P0.2_B4_T0.4_S0_R5_D0.04,focus_dev,partial,GRANT_KEEP,1301,1,0.006,0.2,none,25000,64500,0,0,0,84800,71600,0,89500,0.007813775604534237,0.02092934532779362,200,20.0,7160,234.33333333333334,0.0,0.0,258,9804,258,191,0.7403100775193798,0.7403100775193798,113.52899999999977,0,0,100,3900,300,262,0.8733333333333333,0.85,145.02900000000096,0,0,0,0,0,0,,,,0,0,0.013115569723259383,0.01281658638992605,False,5,4,0.4,2.8280000000013388,9.939700499987936e-05,0.000267775000000725,0,0.04,0.0005,0
focus_dev_partial_GRANT_KEEP_O1301_N2_P0.2_B4_T0.4_S0_R5_D0.04,focus_dev,partial,GRANT_KEEP,1301,2,0.006,0.2,none,25000,70250,0,0,0,87400,76200,0,95250,0.007160462848756682,0.02092934532779362,200,20.0,7620,231.33333333333334,0.0,0.0,281,10678,281,213,0.7580071174377224,0.7580071174377224,111.8289999999999,0,0,100,3900,300,252,0.84,0.8,148.47899999999953,0,0,0,0,0,0,,,,0,0,0.013768882479036938,0.013450732479036939,False,5,4,0.4,3.6569999999992433,0.00010363449999978514,0.00026061000000403566,0,0.04,0.0005,0
focus_dev_partial_OLD_RENEWAL_O1000_N1_P0.5_B8_T1.0_S0_R5_D0.001,focus_dev,partial,OLD_RENEWAL,1000,1,0.006,0.5,none,25000,45500,0,0,0,59500,56400,0,70500,0.010745645282980316,0.017010909556149704,200,20.0,5640,416.6666666666667,0.0,0.0,182,6916,182,122,0.6703296703296703,0.6703296703296703,123.72900000000008,0,0,100,3900,300,210,0.7,0.7,108.57899999999984,0,0,0,0,0,0,,,,0,0,0.006265264273169388,0.006029614273169388,False,5,8,1.0,4.985000000000582,0.009149323190000303,0.022405581950000197,0,0.001,0.0005,200
focus_dev_partial_OLD_RENEWAL_O1000_N1_P0.5_B8_T1.0_S0_R5_D0.04,focus_dev,partial,OLD_RENEWAL,1000,1,0.006,0.5,none,25000,27750,0,0,0,52150,42200,0,52750,0.009845945159448451,0.017010909556149704,200,20.0,4220,197.99999999999997,0.0,0.0,111,4218,111,96,0.8648648648648649,0.8648648648648649,104.52899999999966,0,0,100,3900,300,269,0.8966666666666666,0.87,146.22900000000027,0,0,0,0,0,0,,,,0,0,0.007164964396701253,0.00698848106336792,False,5,8,1.0,4.73399999999674,0.010023589989999984,0.027008515000000698,0,0.04,0.0005,0
focus_dev_partial_OLD_RENEWAL_O1000_N2_P0.5_B8_T1.0_S0_R5_D0.04,focus_dev,partial,OLD_RENEWAL,1000,2,0.006,0.5,none,25000,32250,0,0,0,56550,45800,0,57250,0.009425411109314398,0.017010909556149704,200,20.0,4580,228.66666666666666,0.0,0.0,129,4902,129,115,0.8914728682170543,0.8914728682170543,25.62899999999963,0,0,100,3900,300,260,0.8666666666666667,0.8333333333333334,145.0790000000009,0,0,0,0,0,0,,,,0,0,0.007585498446835306,0.007394015113501973,False,5,8,1.0,4.625,0.009240614990000005,0.02456753499999777,0,0.04,0.0005,0
focus_dev_partial_OLD_RENEWAL_O1001_N1_P0.5_B8_T1.0_S0_R5_D0.04,focus_dev,partial,OLD_RENEWAL,1001,1,0.006,0.5,none,25000,39000,0,0,0,62350,51200,0,64000,0.008988095187665017,0.016663893070177002,200,20.0,5120,306.33333333333326,0.0,0.0,156,5928,156,99,0.6346153846153846,0.6346153846153846,124.02900000000017,0,0,100,3900,300,240,0.8,0.7633333333333333,149.0290000000005,0,0,0,0,0,0,,,,0,0,0.007675797882511985,0.007461814549178652,False,5,8,1.0,4.686999999998079,0.009951573984999983,0.027165584999998056,0,0.04,0.0005,0
focus_dev_partial_OLD_RENEWAL_O1001_N2_P0.5_B8_T1.0_S0_R5_D0.04,focus_dev,partial,OLD_RENEWAL,1001,2,0.006,0.5,none,25000,30750,0,0,0,55100,44600,0,55750,0.0076562681078319395,0.016663893070177002,200,20.0,4460,216.3333333333333,0.0,0.0,123,4674,123,115,0.9349593495934959,0.9349593495934959,28.02900000000008,0,0,100,3900,300,262,0.8733333333333333,0.85,145.97899999999873,0,0,0,0,0,0,,,,0,0,0.009007624962345064,0.008821141629011731,False,5,8,1.0,5.35899999999674,0.01040440662000009,0.028926050050000995,0,0.04,0.0005,0
focus_dev_partial_OLD_RENEWAL_O1300_N1_P0.5_B8_T1.0_S0_R5_D0.001,focus_dev,partial,OLD_RENEWAL,1300,1,0.006,0.5,none,25000,34250,0,0,0,51050,47400,0,59250,0.008420923549498197,0.013408380134968029,200,20.0,4740,268.00000000000006,0.0,0.0,137,5206,137,85,0.6204379562043796,0.6204379562043796,125.82899999999952,0,0,100,3900,300,235,0.7833333333333333,0.7833333333333333,109.0289999999996,0,0,0,0,0,0,,,,0,0,0.004987456585469832,0.004789306585469832,False,5,8,1.0,4.9060000000026776,0.009989776764999191,0.024574791099992405,0,0.001,0.0005,200
focus_dev_partial_OLD_RENEWAL_O1300_N1_P0.5_B8_T1.0_S0_R5_D0.04,focus_dev,partial,OLD_RENEWAL,1300,1,0.006,0.5,none,25000,29500,0,0,0,53200,43600,0,54500,0.0073536894951521424,0.013408380134968029,200,20.0,4360,252.33333333333323,0.0,0.0,118,4484,118,86,0.7288135593220338,0.7288135593220338,104.7790000000015,0,0,100,3900,300,253,0.8433333333333334,0.8133333333333334,146.42900000000122,0,0,0,0,0,0,,,,0,0,0.006054690639815887,0.00587237397314922,False,5,8,1.0,5.5,0.01025193859999991,0.027845720050001074,0,0.04,0.0005,0
focus_dev_partial_OLD_RENEWAL_O1300_N2_P0.5_B8_T1.0_S0_R5_D0.04,focus_dev,partial,OLD_RENEWAL,1300,2,0.006,0.5,none,25000,24250,0,0,0,48550,39400,0,49250,0.0080976368190824,0.013408380134968029,200,20.0,3940,182.66666666666663,0.0,0.0,97,3686,97,84,0.865979381443299,0.865979381443299,106.02899999999948,0,0,100,3900,300,277,0.9233333333333333,0.8966666666666666,146.02899999999968,0,0,0,0,0,0,,,,0,0,0.00531074331588563,0.005145926649218964,False,5,8,1.0,5.421999999998661,0.011008936645000099,0.028981255049999533,0,0.04,0.0005,0
focus_dev_partial_OLD_RENEWAL_O1301_N1_P0.5_B8_T1.0_S0_R5_D0.04,focus_dev,partial,OLD_RENEWAL,1301,1,0.006,0.5,none,25000,27250,0,0,0,51650,41800,0,52250,0.010047919528325828,0.02092934532779362,200,20.0,4180,197.0,0.0,0.0,109,4142,109,88,0.8073394495412844,0.8073394495412844,106.02899999999948,0,0,100,3900,300,271,0.9033333333333333,0.88,146.02899999999863,0,0,0,0,0,0,,,,0,0,0.010881425799467792,0.010706609132801127,False,5,8,1.0,4.936999999998079,0.010068323350000092,0.025274285999998,0,0.04,0.0005,0
focus_dev_partial_OLD_RENEWAL_O1301_N2_P0.5_B8_T1.0_S0_R5_D0.04,focus_dev,partial,OLD_RENEWAL,1301,2,0.006,0.5,none,25000,26750,0,0,0,51250,41400,0,51750,0.009566900840427443,0.02092934532779362,200,20.0,4140,197.66666666666666,0.0,0.0,107,4066,107,100,0.9345794392523364,0.9345794392523364,25.178999999999967,0,0,100,3900,300,270,0.9,0.88,145.02900000000096,0,0,0,0,0,0,,,,0,0,0.011362444487366178,0.011189294487366178,False,5,8,1.0,4.921999999998661,0.009931988844999821,0.02647333100000253,0,0.04,0.0005,0
focus_dev_partial_PHASED_O1000_N1_P0.2_B4_T0.4_S0_R5_D0.04,focus_dev,partial,PHASED,1000,1,0.006,0.2,none,11750,148000,0,0,0,116550,127800,0,159750,0.008689670999892408,0.017010909556149704,200,20.0,12780,3229.5,0.0,0.0,592,22496,592,349,0.589527027027027,0.589527027027027,118.62899999999851,0,0,47,1833,141,120,0.851063829787234,0.723404255319149,248.02899999999894,0,0,0,0,0,0,,,,0,0,0.008321238556257295,0.007788433056257296,False,5,4,0.4,3.9210000000020955,4.5368499999796086e-05,0.00020595500000339934,0,0.04,0.0005,0
focus_dev_partial_PHASED_O1000_N2_P0.2_B4_T0.4_S0_R5_D0.04,focus_dev,partial,PHASED,1000,2,0.006,0.2,none,10750,149000,0,0,0,113450,127800,0,159750,0.010751402392659183,0.017010909556149704,200,20.0,12780,5837.5,0.0,0.0,596,22648,596,316,0.5302013422818792,0.5302013422818792,126.0289999999995,0,0,43,1677,129,117,0.9069767441860465,0.8294573643410853,183.22899999999981,0,0,0,0,0,0,,,,0,0,0.006259507163490521,0.00572672766349052,False,5,4,0.4,3.875,4.2041499999427854e-05,0.00019612999999694123,0,0.04,0.0005,0
focus_dev_partial_PHASED_O1300_N1_P0.2_B4_T0.4_S0_R5_D0.04,focus_dev,partial,PHASED,1300,1,0.006,0.2,none,11500,147500,0,0,0,116100,127200,0,159000,0.007092290724627367,0.013408380134968029,200,20.0,12720,3343.4999999999995,0.0,0.0,590,22420,590,351,0.5949152542372881,0.5949152542372881,119.02900000000116,0,0,46,1794,138,123,0.8913043478260869,0.782608695652174,248.02899999999983,0,0,0,0,0,0,,,,0,0,0.006316089410340662,0.005785790410340662,False,5,4,0.4,3.9689999999973224,4.39544999991881e-05,0.00020038999999840695,0,0.04,0.0005,0
focus_dev_partial_PHASED_O1300_N2_P0.2_B4_T0.4_S0_R5_D0.04,focus_dev,partial,PHASED,1300,2,0.006,0.2,none,11750,148000,0,0,0,113550,127800,0,159750,0.005646576153467374,0.013408380134968029,200,20.0,12780,2661.5,0.0,0.0,592,22496,592,319,0.5388513513513513,0.5388513513513513,124.12900000000008,0,0,47,1833,141,129,0.9148936170212766,0.7943262411347518,248.02900000000074,0,0,0,0,0,0,,,,0,0,0.007761803981500655,0.007228998481500656,False,5,4,0.4,4.125,4.283400500035839e-05,0.0001914850000048318,0,0.04,0.0005,0
focus_dev_reliable_COMPAT_O1000_N1_P0.5_B4_T1.0_S0_R5_D0.04,focus_dev,reliable,COMPAT,1000,1,0.006,0.5,none,10000,51750,0,0,0,61350,49400,0,61750,0.006337768778951105,0.017010909556149704,200,20.0,4940,298.49999999999983,0.0,0.0,207,7866,207,203,0.9806763285024155,0.9806763285024155,9.028999999999776,0,0,40,1560,120,120,1.0,1.0,50.02900000000032,0,0,0,0,0,0,,,,0,0,0.010673140777198598,0.010467047443865264,False,5,4,1.0,2.813000000001921,7.236598999991628e-05,0.00035714000000126585,0,0.04,0.0005,0
focus_dev_reliable_COMPAT_O1000_N2_P0.5_B4_T1.0_S0_R5_D0.04,focus_dev,reliable,COMPAT,1000,2,0.006,0.5,none,10000,51750,0,0,0,60800,49400,0,61750,0.006328120437317026,0.017010909556149704,200,20.0,4940,298.49999999999983,0.0,0.0,207,7866,207,201,0.9710144927536232,0.9710144927536232,9.029000000000398,0,0,40,1560,120,120,1.0,1.0,50.02899999999863,0,0,0,0,0,0,,,,0,0,0.010682789118832678,0.010476695785499344,False,5,4,1.0,2.8910000000032596,7.364695999992677e-05,0.0003773589999990889,0,0.04,0.0005,0
focus_dev_reliable_COMPAT_O1001_N1_P0.5_B4_T1.0_S0_R5_D0.04,focus_dev,reliable,COMPAT,1001,1,0.006,0.5,none,10000,50500,0,0,0,60350,48400,0,60500,0.005491177898675804,0.016663893070177002,200,20.0,4840,298.49999999999983,0.0,0.0,202,7676,202,202,1.0,1.0,7.979000000000191,0,0,40,1560,120,120,1.0,1.0,50.02900000000032,0,0,0,0,0,0,,,,0,0,0.011172715171501198,0.010970788504834532,False,5,4,1.0,2.8909999999959837,7.034500499969454e-05,0.00034314999999978107,0,0.04,0.0005,0
focus_dev_reliable_COMPAT_O1001_N2_P0.5_B4_T1.0_S0_R5_D0.04,focus_dev,reliable,COMPAT,1001,2,0.006,0.5,none,10000,50500,0,0,0,60300,48400,0,60500,0.006050820862239978,0.016663893070177002,200,20.0,4840,298.49999999999983,0.0,0.0,202,7676,202,201,0.995049504950495,0.995049504950495,9.02900000000173,0,0,40,1560,120,120,1.0,1.0,50.02899999999863,0,0,0,0,0,0,,,,0,0,0.010613072207937023,0.010411145541270357,False,5,4,1.0,3.0,7.62570100003046e-05,0.00041264500000188765,0,0.04,0.0005,0
focus_dev_reliable_COMPAT_O1300_N1_P0.5_B4_T1.0_S0_R5_D0.04,focus_dev,reliable,COMPAT,1300,1,0.006,0.5,none,10000,41750,0,0,0,51350,41400,0,51750,0.006587034967784991,0.013408380134968029,200,20.0,4140,298.49999999999983,0.0,0.0,167,6346,167,167,1.0,1.0,9.028999999998177,0,0,40,1560,120,120,1.0,1.0,50.02900000000032,0,0,0,0,0,0,,,,0,0,0.006821345167183038,0.006648585167183038,False,5,4,1.0,2.7810000000026776,8.574754000029828e-05,0.0004900459500007056,0,0.04,0.0005,0
focus_dev_reliable_COMPAT_O1300_N2_P0.5_B4_T1.0_S0_R5_D0.04,focus_dev,reliable,COMPAT,1300,2,0.006,0.5,none,10000,41750,0,0,0,51300,41400,0,51750,0.006595445067981586,0.013408380134968029,200,20.0,4140,298.49999999999983,0.0,0.0,167,6346,167,166,0.9940119760479041,0.9940119760479041,9.028999999999954,0,0,40,1560,120,120,1.0,1.0,50.02899999999863,0,0,0,0,0,0,,,,0,0,0.006812935066986443,0.006640175066986443,False,5,4,1.0,2.687000000005355,8.851952500013027e-05,0.0005084099999965727,0,0.04,0.0005,0
focus_dev_reliable_COMPAT_O1301_N1_P0.5_B4_T1.0_S0_R5_D0.04,focus_dev,reliable,COMPAT,1301,1,0.006,0.5,none,10000,51750,0,0,0,61350,49400,0,61750,0.00625752691933253,0.02092934532779362,200,20.0,4940,298.49999999999983,0.0,0.0,207,7866,207,203,0.9806763285024155,0.9806763285024155,8.829000000000196,0,0,40,1560,120,120,1.0,1.0,50.02900000000032,0,0,0,0,0,0,,,,0,0,0.014671818408461091,0.014465725075127757,False,5,4,1.0,3.25,7.207601499974459e-05,0.00035071005000411045,0,0.04,0.0005,0
focus_dev_reliable_COMPAT_O1301_N2_P0.5_B4_T1.0_S0_R5_D0.04,focus_dev,reliable,COMPAT,1301,2,0.006,0.5,none,10000,51750,0,0,0,60800,49400,0,61750,0.006205866207267653,0.02092934532779362,200,20.0,4940,298.49999999999983,0.0,0.0,207,7866,207,201,0.9710144927536232,0.9710144927536232,9.02900000000173,0,0,40,1560,120,120,1.0,1.0,50.02899999999863,0,0,0,0,0,0,,,,0,0,0.014723479120525969,0.014517385787192635,False,5,4,1.0,3.0780000000013388,7.248101500000104e-05,0.000351435000000677,0,0.04,0.0005,0
focus_dev_reliable_COV_EVENT_O1000_N1_P0.5_B4_T1.0_S0_R5_D0.04,focus_dev,reliable,COV_EVENT,1000,1,0.006,0.5,none,13250,41750,0,0,0,54750,44000,0,55000,0.007036977611289054,0.017010909556149704,200,20.0,4400,261.5000000000002,0.0,0.0,167,6346,167,165,0.9880239520958084,0.9880239520958084,9.028999999998177,0,0,53,2279,159,159,1.0,1.0,50.02899999999988,0,0,0,0,0,0,,,,0,0,0.00997393194486065,0.009790218778193983,False,5,4,1.0,3.5940000000045984,0.0005870123999999244,0.0011704690500017989,0,0.04,0.0005,0
focus_dev_reliable_COV_EVENT_O1000_N2_P0.5_B4_T1.0_S0_R5_D0.04,focus_dev,reliable,COV_EVENT,1000,2,0.006,0.5,none,13250,41750,0,0,0,54500,44000,0,55000,0.007035181741602014,0.017010909556149704,200,20.0,4400,261.5000000000002,0.0,0.0,167,6346,167,164,0.9820359281437125,0.9820359281437125,15.828999999999226,0,0,53,2279,159,159,1.0,1.0,50.02900000000032,0,0,0,0,0,0,,,,0,0,0.00997572781454769,0.009792014647881023,False,5,4,1.0,3.6560000000026776,0.0005940249050001078,0.0011849049500009198,0,0.04,0.0005,0
focus_dev_reliable_COV_EVENT_O1001_N1_P0.5_B4_T1.0_S0_R5_D0.04,focus_dev,reliable,COV_EVENT,1001,1,0.006,0.5,none,12500,47500,0,0,0,59850,48000,0,60000,0.005327820257635938,0.016663893070177002,200,20.0,4800,272.5000000000002,0.0,0.0,190,7220,190,190,1.0,1.0,7.579000000001296,0,0,50,2150,150,150,1.0,1.0,50.028999999999435,0,0,0,0,0,0,,,,0,0,0.011336072812541065,0.011135714479207732,False,5,4,1.0,3.812999999994645,0.0005739113850000877,0.001120520000000269,0,0.04,0.0005,0
focus_dev_reliable_COV_EVENT_O1001_N2_P0.5_B4_T1.0_S0_R5_D0.04,focus_dev,reliable,COV_EVENT,1001,2,0.006,0.5,none,12500,47500,0,0,0,59800,48000,0,60000,0.005887463215081965,0.016663893070177002,200,20.0,4800,272.5000000000002,0.0,0.0,190,7220,190,189,0.9947368421052631,0.9947368421052631,13.828999999999025,0,0,50,2150,150,150,1.0,1.0,50.02900000000032,0,0,0,0,0,0,,,,0,0,0.010776429855095037,0.010576071521761704,False,5,4,1.0,3.7809999999954016,0.0005853203449999712,0.001188659949998971,0,0.04,0.0005,0
focus_dev_reliable_COV_EVENT_O1300_N1_P0.5_B4_T1.0_S0_R5_D0.04,focus_dev,reliable,COV_EVENT,1300,1,0.006,0.5,none,14250,41750,0,0,0,55850,44800,0,56000,0.0054862687048744365,0.013408380134968029,200,20.0,4480,251.99999999999991,0.0,0.0,167,6346,167,167,1.0,1.0,7.029000000002306,0,0,57,2451,171,171,1.0,1.0,49.5290000000006,0,0,0,0,0,0,,,,0,0,0.007922111430093592,0.007735036263426925,False,5,4,1.0,3.1089999999967404,0.000481328399999974,0.0008938189999991401,0,0.04,0.0005,0
focus_dev_reliable_COV_EVENT_O1300_N2_P0.5_B4_T1.0_S0_R5_D0.04,focus_dev,reliable,COV_EVENT,1300,2,0.006,0.5,none,14250,41750,0,0,0,55800,44800,0,56000,0.005494678805071033,0.013408380134968029,200,20.0,4480,251.99999999999991,0.0,0.0,167,6346,167,166,0.9940119760479041,0.9940119760479041,9.028999999999954,0,0,57,2451,171,171,1.0,1.0,50.02900000000032,0,0,0,0,0,0,,,,0,0,0.007913701329896997,0.007726626163230331,False,5,4,1.0,3.047000000005937,0.0005075578749999998,0.0009442000000017712,0,0.04,0.0005,0
focus_dev_reliable_COV_EVENT_O1301_N1_P0.5_B4_T1.0_S0_R5_D0.04,focus_dev,reliable,COV_EVENT,1301,1,0.006,0.5,none,14250,51000,0,0,0,65000,52200,0,65250,0.006003990925627565,0.02092934532779362,200,20.0,5220,250.5,0.0,0.0,204,7752,204,202,0.9901960784313726,0.9901960784313726,7.0290000000028385,0,0,57,2451,171,171,1.0,1.0,50.0290000000001,0,0,0,0,0,0,,,,0,0,0.014925354402166056,0.014707445902166055,False,5,4,1.0,3.4840000000040163,0.0005956928950001839,0.0011098899999989684,0,0.04,0.0005,0
focus_dev_reliable_COV_EVENT_O1301_N2_P0.5_B4_T1.0_S0_R5_D0.04,focus_dev,reliable,COV_EVENT,1301,2,0.006,0.5,none,14250,51000,0,0,0,64750,52200,0,65250,0.005878353658861498,0.02092934532779362,200,20.0,5220,250.5,0.0,0.0,204,7752,204,201,0.9852941176470589,0.9852941176470589,9.02900000000173,0,0,57,2451,171,171,1.0,1.0,50.02899999999855,0,0,0,0,0,0,,,,0,0,0.015050991668932123,0.014833083168932122,False,5,4,1.0,3.4530000000013388,0.0005636894100002365,0.0010284949999995515,0,0.04,0.0005,0
focus_dev_reliable_GRANT_KEEP_O1000_N1_P0.5_B4_T1.0_S0_R5_D0.04,focus_dev,reliable,GRANT_KEEP,1000,1,0.006,0.5,none,10000,51750,0,0,0,61350,49400,0,61750,0.006337768778951105,0.017010909556149704,200,20.0,4940,298.49999999999983,0.0,0.0,207,7866,207,203,0.9806763285024155,0.9806763285024155,9.028999999999776,0,0,40,1560,120,120,1.0,1.0,50.02900000000032,0,0,0,0,0,0,,,,0,0,0.010673140777198598,0.010467047443865264,False,5,4,1.0,22.952999999994063,4.336599999994917e-05,0.00021627999999829217,0,0.04,0.0005,0
focus_dev_reliable_GRANT_KEEP_O1000_N2_P0.5_B4_T1.0_S0_R5_D0.04,focus_dev,reliable,GRANT_KEEP,1000,2,0.006,0.5,none,10000,51750,0,0,0,60800,49400,0,61750,0.006328120437317026,0.017010909556149704,200,20.0,4940,298.49999999999983,0.0,0.0,207,7866,207,201,0.9710144927536232,0.9710144927536232,9.029000000000398,0,0,40,1560,120,120,1.0,1.0,50.02899999999863,0,0,0,0,0,0,,,,0,0,0.010682789118832678,0.010476695785499344,False,5,4,1.0,22.764999999999418,4.346699999992154e-05,0.00019068500000205538,0,0.04,0.0005,0
focus_dev_reliable_GRANT_KEEP_O1001_N1_P0.5_B4_T1.0_S0_R5_D0.04,focus_dev,reliable,GRANT_KEEP,1001,1,0.006,0.5,none,10000,50500,0,0,0,60350,48400,0,60500,0.005491177898675804,0.016663893070177002,200,20.0,4840,298.49999999999983,0.0,0.0,202,7676,202,202,1.0,1.0,7.979000000000191,0,0,40,1560,120,120,1.0,1.0,50.02900000000032,0,0,0,0,0,0,,,,0,0,0.011172715171501198,0.010970788504834532,False,5,4,1.0,22.702999999994063,4.12489999998833e-05,0.000197870000002176,0,0.04,0.0005,0
focus_dev_reliable_GRANT_KEEP_O1001_N2_P0.5_B4_T1.0_S0_R5_D0.04,focus_dev,reliable,GRANT_KEEP,1001,2,0.006,0.5,none,10000,50500,0,0,0,60300,48400,0,60500,0.006050820862239978,0.016663893070177002,200,20.0,4840,298.49999999999983,0.0,0.0,202,7676,202,201,0.995049504950495,0.995049504950495,9.02900000000173,0,0,40,1560,120,120,1.0,1.0,50.02899999999863,0,0,0,0,0,0,,,,0,0,0.010613072207937023,0.010411145541270357,False,5,4,1.0,22.860000000000582,5.323950000009958e-05,0.00019483500000045943,0,0.04,0.0005,0
focus_dev_reliable_GRANT_KEEP_O1300_N1_P0.5_B4_T1.0_S0_R5_D0.04,focus_dev,reliable,GRANT_KEEP,1300,1,0.006,0.5,none,10000,39250,0,0,0,48850,39400,0,49250,0.0065884161346489705,0.013408380134968029,200,20.0,3940,298.49999999999983,0.0,0.0,157,5966,157,157,1.0,1.0,9.028999999998177,0,0,40,1560,120,120,1.0,1.0,50.02900000000032,0,0,0,0,0,0,,,,0,0,0.0068199640003190586,0.006655537333652392,False,5,4,1.0,22.5,4.1380499999892354e-05,0.0001953400000003213,0,0.04,0.0005,0
focus_dev_reliable_GRANT_KEEP_O1300_N2_P0.5_B4_T1.0_S0_R5_D0.04,focus_dev,reliable,GRANT_KEEP,1300,2,0.006,0.5,none,10000,39250,0,0,0,48800,39400,0,49250,0.006596826234845566,0.013408380134968029,200,20.0,3940,298.49999999999983,0.0,0.0,157,5966,157,156,0.9936305732484076,0.9936305732484076,9.028999999999954,0,0,40,1560,120,120,1.0,1.0,50.02899999999863,0,0,0,0,0,0,,,,0,0,0.006811553900122463,0.006647127233455796,False,5,4,1.0,22.56300000000192,4.2277000000190415e-05,0.0002091550000017149,0,0.04,0.0005,0
focus_dev_reliable_GRANT_KEEP_O1301_N1_P0.5_B4_T1.0_S0_R5_D0.04,focus_dev,reliable,GRANT_KEEP,1301,1,0.006,0.5,none,10000,51750,0,0,0,61350,49400,0,61750,0.00625752691933253,0.02092934532779362,200,20.0,4940,298.49999999999983,0.0,0.0,207,7866,207,203,0.9806763285024155,0.9806763285024155,8.829000000000196,0,0,40,1560,120,120,1.0,1.0,50.02900000000032,0,0,0,0,0,0,,,,0,0,0.014671818408461091,0.014465725075127757,False,5,4,1.0,2.9840000000040163,4.964299000002725e-05,0.0002515299999975795,0,0.04,0.0005,0
focus_dev_reliable_GRANT_KEEP_O1301_N2_P0.5_B4_T1.0_S0_R5_D0.04,focus_dev,reliable,GRANT_KEEP,1301,2,0.006,0.5,none,10000,51750,0,0,0,60800,49400,0,61750,0.006205866207267653,0.02092934532779362,200,20.0,4940,298.49999999999983,0.0,0.0,207,7866,207,201,0.9710144927536232,0.9710144927536232,9.02900000000173,0,0,40,1560,120,120,1.0,1.0,50.02899999999863,0,0,0,0,0,0,,,,0,0,0.014723479120525969,0.014517385787192635,False,5,4,1.0,3.4059999999954016,5.211199999992644e-05,0.00024726999999931094,0,0.04,0.0005,0
focus_dev_reliable_OLD_RENEWAL_O1000_N1_P0.5_B8_T1.0_S0_R5_D0.04,focus_dev,reliable,OLD_RENEWAL,1000,1,0.006,0.5,none,25000,28000,0,0,0,52750,42400,0,53000,0.00943075571215176,0.017010909556149704,200,20.0,4240,150.0,0.0,0.0,112,4256,112,110,0.9821428571428571,0.9821428571428571,7.028999999999974,0,0,100,3900,300,300,1.0,1.0,50.02899999999988,0,0,0,0,0,0,,,,0,0,0.007580153843997944,0.007402837177331277,False,5,8,1.0,5.030999999995402,0.010792019954999876,0.0302752859999984,0,0.04,0.0005,3
focus_dev_reliable_OLD_RENEWAL_O1000_N2_P0.5_B8_T1.0_S0_R5_D0.04,focus_dev,reliable,OLD_RENEWAL,1000,2,0.006,0.5,none,25000,28000,0,0,0,52500,42400,0,53000,0.00942899479980122,0.017010909556149704,200,20.0,4240,150.0,0.0,0.0,112,4256,112,109,0.9732142857142857,0.9732142857142857,17.028999999999073,0,0,100,3900,300,300,1.0,1.0,50.02900000000032,0,0,0,0,0,0,,,,0,0,0.007581914756348484,0.007404598089681818,False,5,8,1.0,5.296999999998661,0.010893297280000097,0.029597276000001213,0,0.04,0.0005,3
focus_dev_reliable_OLD_RENEWAL_O1001_N1_P0.5_B8_T1.0_S0_R5_D0.04,focus_dev,reliable,OLD_RENEWAL,1001,1,0.006,0.5,none,25000,31250,0,0,0,56100,45000,0,56250,0.00718834441178548,0.016663893070177002,200,20.0,4500,150.0,0.0,0.0,125,4750,125,125,1.0,1.0,8.029000000000064,0,0,100,3900,300,300,1.0,1.0,50.02899999999988,0,0,0,0,0,0,,,,0,0,0.009475548658391522,0.009287398658391522,False,5,8,1.0,4.828000000001339,0.010161848485000036,0.025563279000004605,0,0.04,0.0005,2
focus_dev_reliable_OLD_RENEWAL_O1001_N2_P0.5_B8_T1.0_S0_R5_D0.04,focus_dev,reliable,OLD_RENEWAL,1001,2,0.006,0.5,none,25000,31250,0,0,0,56050,45000,0,56250,0.007747987375349655,0.016663893070177002,200,20.0,4500,150.0,0.0,0.0,125,4750,125,124,0.992,0.992,9.028999999999954,0,0,100,3900,300,300,1.0,1.0,50.02900000000032,0,0,0,0,0,0,,,,0,0,0.008915905694827347,0.008727755694827347,False,5,8,1.0,4.921999999998661,0.010006699460000127,0.024428484000002,0,0.04,0.0005,0
focus_dev_reliable_OLD_RENEWAL_O1300_N1_P0.5_B8_T1.0_S0_R5_D0.04,focus_dev,reliable,OLD_RENEWAL,1300,1,0.006,0.5,none,25000,24250,0,0,0,48950,39400,0,49250,0.007234363922530681,0.013408380134968029,200,20.0,3940,150.0,0.0,0.0,97,3686,97,97,1.0,1.0,9.028999999998177,0,0,100,3900,300,300,1.0,1.0,50.02899999999988,0,0,0,0,0,0,,,,0,0,0.006174016212437348,0.006009199545770682,False,5,8,1.0,5.485000000000582,0.009973427649999955,0.025454273949998548,0,0.04,0.0005,0
focus_dev_reliable_OLD_RENEWAL_O1300_N2_P0.5_B8_T1.0_S0_R5_D0.04,focus_dev,reliable,OLD_RENEWAL,1300,2,0.006,0.5,none,25000,24250,0,0,0,48850,39400,0,49250,0.007242774022727275,0.013408380134968029,200,20.0,3940,150.0,0.0,0.0,97,3686,97,96,0.9896907216494846,0.9896907216494846,9.028999999999954,0,0,100,3900,300,300,1.0,1.0,50.02900000000032,0,0,0,0,0,0,,,,0,0,0.006165606112240754,0.0060007894455740875,False,5,8,1.0,5.390999999995984,0.009673791000000272,0.02522396715000034,0,0.04,0.0005,1
focus_dev_reliable_OLD_RENEWAL_O1301_N1_P0.5_B8_T1.0_S0_R5_D0.04,focus_dev,reliable,OLD_RENEWAL,1301,1,0.006,0.5,none,25000,22750,0,0,0,47500,38200,0,47750,0.010106435003235891,0.02092934532779362,200,20.0,3820,150.0,0.0,0.0,91,3458,91,89,0.978021978021978,0.978021978021978,9.028999999999954,0,0,100,3900,300,300,1.0,1.0,50.02899999999988,0,0,0,0,0,0,,,,0,0,0.01082291032455773,0.010663093657891063,False,5,8,1.0,4.75,0.010160022720000016,0.025062018949998682,0,0.04,0.0005,0
focus_dev_reliable_OLD_RENEWAL_O1301_N2_P0.5_B8_T1.0_S0_R5_D0.04,focus_dev,reliable,OLD_RENEWAL,1301,2,0.006,0.5,none,25000,22750,0,0,0,47250,38200,0,47750,0.009980797736469824,0.02092934532779362,200,20.0,3820,150.0,0.0,0.0,91,3458,91,88,0.967032967032967,0.967032967032967,9.029000000000398,0,0,100,3900,300,300,1.0,1.0,50.02900000000032,0,0,0,0,0,0,,,,0,0,0.010948547591323797,0.01078873092465713,False,5,8,1.0,4.906999999999243,0.010534419844999619,0.026456878099998346,0,0.04,0.0005,0
